representation,predictor,split,group,trial,model_detail,n_estimators,max_depth,learning_rate,subsample,colsample_bytree,min_child_weight,reg_alpha,reg_lambda,val_rmse,external_rmse,n,rmse,mae,r2,bias,params,hidden,depth,dropout,lr,weight_decay,batch_size,max_epochs,best_epoch,device,method,k,weights,metric
mordred__ecfp,xgb,Train,all,4,XGBRegressor,800.0,6.0,0.0449524284698616,0.7,0.45,1.0,0.0001,1.0,0.8465156792316898,1.2906085828425091,6437,0.3060040396122976,0.2388393580913543,0.9824270009994508,0.0001626341399969,,,,,,,,,,,,,,
mordred__ecfp,xgb,Train,not_all6_bad,4,XGBRegressor,800.0,6.0,0.0449524284698616,0.7,0.45,1.0,0.0001,1.0,0.8465156792316898,1.2906085828425091,6437,0.3060040396122976,0.2388393580913543,0.9824270009994508,0.0001626341399969,,,,,,,,,,,,,,
mordred__ecfp,xgb,Val,all,4,XGBRegressor,800.0,6.0,0.0449524284698616,0.7,0.45,1.0,0.0001,1.0,0.8465156792316898,1.2906085828425091,1610,0.8465156792316898,0.5908394455909729,0.8649429678916931,-0.0382773838937282,,,,,,,,,,,,,,
mordred__ecfp,xgb,Val,all6_bad,4,XGBRegressor,800.0,6.0,0.0449524284698616,0.7,0.45,1.0,0.0001,1.0,0.8465156792316898,1.2906085828425091,74,2.3337618797584243,2.16548490524292,0.4731876850128174,-0.2893301844596863,,,,,,,,,,,,,,
mordred__ecfp,xgb,Val,not_all6_bad,4,XGBRegressor,800.0,6.0,0.0449524284698616,0.7,0.45,1.0,0.0001,1.0,0.8465156792316898,1.2906085828425091,1536,0.6990838160396262,0.5149776339530945,0.9034075140953064,-0.026182398200035,,,,,,,,,,,,,,
mordred__ecfp,xgb,External,all,4,XGBRegressor,800.0,6.0,0.0449524284698616,0.7,0.45,1.0,0.0001,1.0,0.8465156792316898,1.2906085828425091,2251,1.2906085828425091,0.8863901495933533,0.5822324752807617,-0.0988624840974807,,,,,,,,,,,,,,
mordred__ecfp,xgb,External,all6_bad,4,XGBRegressor,800.0,6.0,0.0449524284698616,0.7,0.45,1.0,0.0001,1.0,0.8465156792316898,1.2906085828425091,256,2.9879059200566163,2.751596450805664,-0.1715290546417236,-0.7635664343833923,,,,,,,,,,,,,,
mordred__ecfp,xgb,External,not_all6_bad,4,XGBRegressor,800.0,6.0,0.0449524284698616,0.7,0.45,1.0,0.0001,1.0,0.8465156792316898,1.2906085828425091,1995,0.8566307989236205,0.647045373916626,0.7903666496276855,-0.0135671496391296,,,,,,,,,,,,,,
mordred__ecfp,rf,Train,all,2,ExtraTreesRegressor,,,,,,,,,0.8648966701775307,1.2891882036875957,6437,0.0,0.0,1.0,0.0,"{'bootstrap': False, 'ccp_alpha': 0.0, 'criterion': 'squared_error', 'max_depth': None, 'max_features': 0.4, 'max_leaf_nodes': None, 'max_samples': None, 'min_impurity_decrease': 0.0, 'min_samples_leaf': 1, 'min_samples_split': 2, 'min_weight_fraction_leaf': 0.0, 'monotonic_cst': None, 'n_estimators': 250, 'n_jobs': -1, 'oob_score': False, 'random_state': 260745, 'verbose': 0, 'warm_start': False}",,,,,,,,,,,,,
mordred__ecfp,rf,Train,not_all6_bad,2,ExtraTreesRegressor,,,,,,,,,0.8648966701775307,1.2891882036875957,6437,0.0,0.0,1.0,0.0,"{'bootstrap': False, 'ccp_alpha': 0.0, 'criterion': 'squared_error', 'max_depth': None, 'max_features': 0.4, 'max_leaf_nodes': None, 'max_samples': None, 'min_impurity_decrease': 0.0, 'min_samples_leaf': 1, 'min_samples_split': 2, 'min_weight_fraction_leaf': 0.0, 'monotonic_cst': None, 'n_estimators': 250, 'n_jobs': -1, 'oob_score': False, 'random_state': 260745, 'verbose': 0, 'warm_start': False}",,,,,,,,,,,,,
mordred__ecfp,rf,Val,all,2,ExtraTreesRegressor,,,,,,,,,0.8648966701775307,1.2891882036875957,1610,0.8648966701775307,0.602010181043087,0.8590141336746807,-0.0323954845367728,"{'bootstrap': False, 'ccp_alpha': 0.0, 'criterion': 'squared_error', 'max_depth': None, 'max_features': 0.4, 'max_leaf_nodes': None, 'max_samples': None, 'min_impurity_decrease': 0.0, 'min_samples_leaf': 1, 'min_samples_split': 2, 'min_weight_fraction_leaf': 0.0, 'monotonic_cst': None, 'n_estimators': 250, 'n_jobs': -1, 'oob_score': False, 'random_state': 260745, 'verbose': 0, 'warm_start': False}",,,,,,,,,,,,,
mordred__ecfp,rf,Val,all6_bad,2,ExtraTreesRegressor,,,,,,,,,0.8648966701775307,1.2891882036875957,74,2.330851972330435,2.1774105057976643,0.4745006216511179,-0.3091624452541204,"{'bootstrap': False, 'ccp_alpha': 0.0, 'criterion': 'squared_error', 'max_depth': None, 'max_features': 0.4, 'max_leaf_nodes': None, 'max_samples': None, 'min_impurity_decrease': 0.0, 'min_samples_leaf': 1, 'min_samples_split': 2, 'min_weight_fraction_leaf': 0.0, 'monotonic_cst': None, 'n_estimators': 250, 'n_jobs': -1, 'oob_score': False, 'random_state': 260745, 'verbose': 0, 'warm_start': False}",,,,,,,,,,,,,
mordred__ecfp,rf,Val,not_all6_bad,2,ExtraTreesRegressor,,,,,,,,,0.8648966701775307,1.2891882036875957,1536,0.7227344337363036,0.5261119883140254,0.8967613601031024,-0.0190616596063798,"{'bootstrap': False, 'ccp_alpha': 0.0, 'criterion': 'squared_error', 'max_depth': None, 'max_features': 0.4, 'max_leaf_nodes': None, 'max_samples': None, 'min_impurity_decrease': 0.0, 'min_samples_leaf': 1, 'min_samples_split': 2, 'min_weight_fraction_leaf': 0.0, 'monotonic_cst': None, 'n_estimators': 250, 'n_jobs': -1, 'oob_score': False, 'random_state': 260745, 'verbose': 0, 'warm_start': False}",,,,,,,,,,,,,
mordred__ecfp,rf,External,all,2,ExtraTreesRegressor,,,,,,,,,0.8648966701775307,1.2891882036875957,2251,1.2891882036875957,0.8656738999119711,0.583151454881432,-0.1257167991804915,"{'bootstrap': False, 'ccp_alpha': 0.0, 'criterion': 'squared_error', 'max_depth': None, 'max_features': 0.4, 'max_leaf_nodes': None, 'max_samples': None, 'min_impurity_decrease': 0.0, 'min_samples_leaf': 1, 'min_samples_split': 2, 'min_weight_fraction_leaf': 0.0, 'monotonic_cst': None, 'n_estimators': 250, 'n_jobs': -1, 'oob_score': False, 'random_state': 260745, 'verbose': 0, 'warm_start': False}",,,,,,,,,,,,,
mordred__ecfp,rf,External,all6_bad,2,ExtraTreesRegressor,,,,,,,,,0.8648966701775307,1.2891882036875957,256,3.005751085318493,2.7741367370782752,-0.1855646944258098,-0.8617914350270368,"{'bootstrap': False, 'ccp_alpha': 0.0, 'criterion': 'squared_error', 'max_depth': None, 'max_features': 0.4, 'max_leaf_nodes': None, 'max_samples': None, 'min_impurity_decrease': 0.0, 'min_samples_leaf': 1, 'min_samples_split': 2, 'min_weight_fraction_leaf': 0.0, 'monotonic_cst': None, 'n_estimators': 250, 'n_jobs': -1, 'oob_score': False, 'random_state': 260745, 'verbose': 0, 'warm_start': False}",,,,,,,,,,,,,
mordred__ecfp,rf,External,not_all6_bad,2,ExtraTreesRegressor,,,,,,,,,0.8648966701775307,1.2891882036875957,1995,0.8461423229337528,0.6207784180500292,0.7954686852098322,-0.0312631115731152,"{'bootstrap': False, 'ccp_alpha': 0.0, 'criterion': 'squared_error', 'max_depth': None, 'max_features': 0.4, 'max_leaf_nodes': None, 'max_samples': None, 'min_impurity_decrease': 0.0, 'min_samples_leaf': 1, 'min_samples_split': 2, 'min_weight_fraction_leaf': 0.0, 'monotonic_cst': None, 'n_estimators': 250, 'n_jobs': -1, 'oob_score': False, 'random_state': 260745, 'verbose': 0, 'warm_start': False}",,,,,,,,,,,,,
mordred__ecfp,mlp,Train,all,6,TorchMLP,,,,,,,,,1.0036766294311976,1.379854735178563,6437,0.2929193327869686,0.2071252316236496,0.9838977456092834,0.0272052623331546,,384.0,3.0,0.05,0.0003874212943983,5.754613878998905e-05,256.0,220.0,27.0,cuda:0,,,,
mordred__ecfp,mlp,Train,not_all6_bad,6,TorchMLP,,,,,,,,,1.0036766294311976,1.379854735178563,6437,0.2929193327869686,0.2071252316236496,0.9838977456092834,0.0272052623331546,,384.0,3.0,0.05,0.0003874212943983,5.754613878998905e-05,256.0,220.0,27.0,cuda:0,,,,
mordred__ecfp,mlp,Val,all,6,TorchMLP,,,,,,,,,1.0036766294311976,1.379854735178563,1610,1.0036766294311976,0.7197136878967285,0.8101394176483154,0.006250686943531,,384.0,3.0,0.05,0.0003874212943983,5.754613878998905e-05,256.0,220.0,27.0,cuda:0,,,,
mordred__ecfp,mlp,Val,all6_bad,6,TorchMLP,,,,,,,,,1.0036766294311976,1.379854735178563,74,2.412206040889462,2.2182984352111816,0.4371772408485412,-0.2627445757389068,,384.0,3.0,0.05,0.0003874212943983,5.754613878998905e-05,256.0,220.0,27.0,cuda:0,,,,
mordred__ecfp,mlp,Val,not_all6_bad,6,TorchMLP,,,,,,,,,1.0036766294311976,1.379854735178563,1536,0.880663932551554,0.6475161910057068,0.8467130661010742,0.019210098311305,,384.0,3.0,0.05,0.0003874212943983,5.754613878998905e-05,256.0,220.0,27.0,cuda:0,,,,
mordred__ecfp,mlp,External,all,6,TorchMLP,,,,,,,,,1.0036766294311976,1.379854735178563,2251,1.379854735178563,1.0031063556671145,0.5224571228027344,-0.0324480421841144,,384.0,3.0,0.05,0.0003874212943983,5.754613878998905e-05,256.0,220.0,27.0,cuda:0,,,,
mordred__ecfp,mlp,External,all6_bad,6,TorchMLP,,,,,,,,,1.0036766294311976,1.379854735178563,256,2.912894252566636,2.687938690185547,-0.1134446859359741,-0.6548666954040527,,384.0,3.0,0.05,0.0003874212943983,5.754613878998905e-05,256.0,220.0,27.0,cuda:0,,,,
mordred__ecfp,mlp,External,not_all6_bad,6,TorchMLP,,,,,,,,,1.0036766294311976,1.379854735178563,1995,1.0293326615947382,0.7869073152542114,0.6973194479942322,0.0474212281405925,,384.0,3.0,0.05,0.0003874212943983,5.754613878998905e-05,256.0,220.0,27.0,cuda:0,,,,
mordred__ecfp,ridge,Train,all,12,elastic_alpha_0.1_l1_0.15,,,,,,,,,1.072701120792535,1.415104434739098,6437,0.9489928239625438,0.7049505114555359,0.8309882879257202,3.555722116743709e-08,"{'alpha': 0.1, 'copy_X': True, 'fit_intercept': True, 'l1_ratio': 0.15, 'max_iter': 5000, 'positive': False, 'precompute': False, 'random_state': 260817, 'selection': 'cyclic', 'tol': 0.0001, 'warm_start': False}",,,,,,,,,,,,,
mordred__ecfp,ridge,Train,not_all6_bad,12,elastic_alpha_0.1_l1_0.15,,,,,,,,,1.072701120792535,1.415104434739098,6437,0.9489928239625438,0.7049505114555359,0.8309882879257202,3.555722116743709e-08,"{'alpha': 0.1, 'copy_X': True, 'fit_intercept': True, 'l1_ratio': 0.15, 'max_iter': 5000, 'positive': False, 'precompute': False, 'random_state': 260817, 'selection': 'cyclic', 'tol': 0.0001, 'warm_start': False}",,,,,,,,,,,,,
mordred__ecfp,ridge,Val,all,12,elastic_alpha_0.1_l1_0.15,,,,,,,,,1.072701120792535,1.415104434739098,1610,1.072701120792535,0.7908264398574829,0.7831274271011353,-0.0235841497778892,"{'alpha': 0.1, 'copy_X': True, 'fit_intercept': True, 'l1_ratio': 0.15, 'max_iter': 5000, 'positive': False, 'precompute': False, 'random_state': 260817, 'selection': 'cyclic', 'tol': 0.0001, 'warm_start': False}",,,,,,,,,,,,,
mordred__ecfp,ridge,Val,all6_bad,12,elastic_alpha_0.1_l1_0.15,,,,,,,,,1.072701120792535,1.415104434739098,74,2.4601160040695245,2.277311086654663,0.414598286151886,-0.2441607862710952,"{'alpha': 0.1, 'copy_X': True, 'fit_intercept': True, 'l1_ratio': 0.15, 'max_iter': 5000, 'positive': False, 'precompute': False, 'random_state': 260817, 'selection': 'cyclic', 'tol': 0.0001, 'warm_start': False}",,,,,,,,,,,,,
mordred__ecfp,ridge,Val,not_all6_bad,12,elastic_alpha_0.1_l1_0.15,,,,,,,,,1.072701120792535,1.415104434739098,1536,0.9563203312060992,0.719211995601654,0.8192445039749146,-0.0129574164748191,"{'alpha': 0.1, 'copy_X': True, 'fit_intercept': True, 'l1_ratio': 0.15, 'max_iter': 5000, 'positive': False, 'precompute': False, 'random_state': 260817, 'selection': 'cyclic', 'tol': 0.0001, 'warm_start': False}",,,,,,,,,,,,,
mordred__ecfp,ridge,External,all,12,elastic_alpha_0.1_l1_0.15,,,,,,,,,1.072701120792535,1.415104434739098,2251,1.415104434739098,1.0421901941299438,0.4977469444274902,-0.0958800315856933,"{'alpha': 0.1, 'copy_X': True, 'fit_intercept': True, 'l1_ratio': 0.15, 'max_iter': 5000, 'positive': False, 'precompute': False, 'random_state': 260817, 'selection': 'cyclic', 'tol': 0.0001, 'warm_start': False}",,,,,,,,,,,,,
mordred__ecfp,ridge,External,all6_bad,12,elastic_alpha_0.1_l1_0.15,,,,,,,,,1.072701120792535,1.415104434739098,256,3.0407468545927694,2.782951831817627,-0.2133322954177856,-0.7876872420310974,"{'alpha': 0.1, 'copy_X': True, 'fit_intercept': True, 'l1_ratio': 0.15, 'max_iter': 5000, 'positive': False, 'precompute': False, 'random_state': 260817, 'selection': 'cyclic', 'tol': 0.0001, 'warm_start': False}",,,,,,,,,,,,,
mordred__ecfp,ridge,External,not_all6_bad,12,elastic_alpha_0.1_l1_0.15,,,,,,,,,1.072701120792535,1.415104434739098,1995,1.0358636706066304,0.8188140988349915,0.693466305732727,-0.007106798235327,"{'alpha': 0.1, 'copy_X': True, 'fit_intercept': True, 'l1_ratio': 0.15, 'max_iter': 5000, 'positive': False, 'precompute': False, 'random_state': 260817, 'selection': 'cyclic', 'tol': 0.0001, 'warm_start': False}",,,,,,,,,,,,,
mordred__ecfp,knn_svm,Train,all,9,KNeighborsRegressor,,,,,,,,,1.41396100275491,1.5160541837187118,6437,0.0020131329794316,4.3728864562655895e-05,0.9999992394356618,-1.300450548105994e-06,,,,,,,,,,,sklearn_knn,50.0,distance,cosine
mordred__ecfp,knn_svm,Train,not_all6_bad,9,KNeighborsRegressor,,,,,,,,,1.41396100275491,1.5160541837187118,6437,0.0020131329794316,4.3728864562655895e-05,0.9999992394356618,-1.300450548105994e-06,,,,,,,,,,,sklearn_knn,50.0,distance,cosine
mordred__ecfp,knn_svm,Val,all,9,KNeighborsRegressor,,,,,,,,,1.41396100275491,1.5160541837187118,1610,1.41396100275491,1.0865730351058374,0.6231903724464855,-0.1777989851277587,,,,,,,,,,,sklearn_knn,50.0,distance,cosine
mordred__ecfp,knn_svm,Val,all6_bad,9,KNeighborsRegressor,,,,,,,,,1.41396100275491,1.5160541837187118,74,2.764246281615179,2.4481416707355024,0.2609117664612445,-0.0990108855924493,,,,,,,,,,,sklearn_knn,50.0,distance,cosine
mordred__ecfp,knn_svm,Val,not_all6_bad,9,KNeighborsRegressor,,,,,,,,,1.41396100275491,1.5160541837187118,1536,1.314336946040917,1.020976629483054,0.6585727238512452,-0.1815947659647463,,,,,,,,,,,sklearn_knn,50.0,distance,cosine
mordred__ecfp,knn_svm,External,all,9,KNeighborsRegressor,,,,,,,,,1.41396100275491,1.5160541837187118,2251,1.5160541837187118,1.153585557013697,0.4235321510999511,-0.2197077525130037,,,,,,,,,,,sklearn_knn,50.0,distance,cosine
mordred__ecfp,knn_svm,External,all6_bad,9,KNeighborsRegressor,,,,,,,,,1.41396100275491,1.5160541837187118,256,2.813833340460293,2.523828319646782,-0.039001022413927,-0.7713402001190843,,,,,,,,,,,sklearn_knn,50.0,distance,cosine
mordred__ecfp,knn_svm,External,not_all6_bad,9,KNeighborsRegressor,,,,,,,,,1.41396100275491,1.5160541837187118,1995,1.255928019193561,0.9777549067710556,0.5493882913570822,-0.1489218344242034,,,,,,,,,,,sklearn_knn,50.0,distance,cosine
mordred__chemberta,xgb,Train,all,2,XGBRegressor,800.0,6.0,0.0232180187491258,0.7,0.45,3.0,0.01,2.0,0.8694504089340467,1.3047677660710315,6437,0.1185783068901453,0.0911991447210311,0.9973612427711488,-0.0001050387727445,,,,,,,,,,,,,,
mordred__chemberta,xgb,Train,not_all6_bad,2,XGBRegressor,800.0,6.0,0.0232180187491258,0.7,0.45,3.0,0.01,2.0,0.8694504089340467,1.3047677660710315,6437,0.1185783068901453,0.0911991447210311,0.9973612427711488,-0.0001050387727445,,,,,,,,,,,,,,
mordred__chemberta,xgb,Val,all,2,XGBRegressor,800.0,6.0,0.0232180187491258,0.7,0.45,3.0,0.01,2.0,0.8694504089340467,1.3047677660710315,1610,0.8694504089340467,0.6024026870727539,0.8575255870819092,-0.0015804836293682,,,,,,,,,,,,,,
mordred__chemberta,xgb,Val,all6_bad,2,XGBRegressor,800.0,6.0,0.0232180187491258,0.7,0.45,3.0,0.01,2.0,0.8694504089340467,1.3047677660710315,74,2.500417006999597,2.3106703758239746,0.3952613472938537,-0.3983894884586334,,,,,,,,,,,,,,
mordred__chemberta,xgb,Val,not_all6_bad,2,XGBRegressor,800.0,6.0,0.0232180187491258,0.7,0.45,3.0,0.01,2.0,0.8694504089340467,1.3047677660710315,1536,0.7008251299776768,0.520103394985199,0.9029257297515868,0.0175366159528493,,,,,,,,,,,,,,
mordred__chemberta,xgb,External,all,2,XGBRegressor,800.0,6.0,0.0232180187491258,0.7,0.45,3.0,0.01,2.0,0.8694504089340467,1.3047677660710315,2251,1.3047677660710315,0.892927885055542,0.573015570640564,-0.0489825271070003,,,,,,,,,,,,,,
mordred__chemberta,xgb,External,all6_bad,2,XGBRegressor,800.0,6.0,0.0232180187491258,0.7,0.45,3.0,0.01,2.0,0.8694504089340467,1.3047677660710315,256,3.008944053335169,2.7386996746063232,-0.1880848407745361,-0.6543121337890625,,,,,,,,,,,,,,
mordred__chemberta,xgb,External,not_all6_bad,2,XGBRegressor,800.0,6.0,0.0232180187491258,0.7,0.45,3.0,0.01,2.0,0.8694504089340467,1.3047677660710315,1995,0.8712582625294221,0.656076967716217,0.783146321773529,0.0286938641220331,,,,,,,,,,,,,,
mordred__chemberta,rf,Train,all,2,ExtraTreesRegressor,,,,,,,,,0.8696108834394111,1.3041574229089998,6437,0.0,0.0,1.0,0.0,"{'bootstrap': False, 'ccp_alpha': 0.0, 'criterion': 'squared_error', 'max_depth': None, 'max_features': 0.7, 'max_leaf_nodes': None, 'max_samples': None, 'min_impurity_decrease': 0.0, 'min_samples_leaf': 1, 'min_samples_split': 2, 'min_weight_fraction_leaf': 0.0, 'monotonic_cst': None, 'n_estimators': 600, 'n_jobs': -1, 'oob_score': False, 'random_state': 261745, 'verbose': 0, 'warm_start': False}",,,,,,,,,,,,,
mordred__chemberta,rf,Train,not_all6_bad,2,ExtraTreesRegressor,,,,,,,,,0.8696108834394111,1.3041574229089998,6437,0.0,0.0,1.0,0.0,"{'bootstrap': False, 'ccp_alpha': 0.0, 'criterion': 'squared_error', 'max_depth': None, 'max_features': 0.7, 'max_leaf_nodes': None, 'max_samples': None, 'min_impurity_decrease': 0.0, 'min_samples_leaf': 1, 'min_samples_split': 2, 'min_weight_fraction_leaf': 0.0, 'monotonic_cst': None, 'n_estimators': 600, 'n_jobs': -1, 'oob_score': False, 'random_state': 261745, 'verbose': 0, 'warm_start': False}",,,,,,,,,,,,,
mordred__chemberta,rf,Val,all,2,ExtraTreesRegressor,,,,,,,,,0.8696108834394111,1.3041574229089998,1610,0.8696108834394111,0.6056820083903823,0.8574730275448126,-0.0065070723650003,"{'bootstrap': False, 'ccp_alpha': 0.0, 'criterion': 'squared_error', 'max_depth': None, 'max_features': 0.7, 'max_leaf_nodes': None, 'max_samples': None, 'min_impurity_decrease': 0.0, 'min_samples_leaf': 1, 'min_samples_split': 2, 'min_weight_fraction_leaf': 0.0, 'monotonic_cst': None, 'n_estimators': 600, 'n_jobs': -1, 'oob_score': False, 'random_state': 261745, 'verbose': 0, 'warm_start': False}",,,,,,,,,,,,,
mordred__chemberta,rf,Val,all6_bad,2,ExtraTreesRegressor,,,,,,,,,0.8696108834394111,1.3041574229089998,74,2.504562561426559,2.327091636744659,0.3932544652062012,-0.3785172587950496,"{'bootstrap': False, 'ccp_alpha': 0.0, 'criterion': 'squared_error', 'max_depth': None, 'max_features': 0.7, 'max_leaf_nodes': None, 'max_samples': None, 'min_impurity_decrease': 0.0, 'min_samples_leaf': 1, 'min_samples_split': 2, 'min_weight_fraction_leaf': 0.0, 'monotonic_cst': None, 'n_estimators': 600, 'n_jobs': -1, 'oob_score': False, 'random_state': 261745, 'verbose': 0, 'warm_start': False}",,,,,,,,,,,,,
mordred__chemberta,rf,Val,not_all6_bad,2,ExtraTreesRegressor,,,,,,,,,0.8696108834394111,1.3041574229089998,1536,0.7003205573948162,0.522749513274356,0.9030654650670392,0.0114152933874889,"{'bootstrap': False, 'ccp_alpha': 0.0, 'criterion': 'squared_error', 'max_depth': None, 'max_features': 0.7, 'max_leaf_nodes': None, 'max_samples': None, 'min_impurity_decrease': 0.0, 'min_samples_leaf': 1, 'min_samples_split': 2, 'min_weight_fraction_leaf': 0.0, 'monotonic_cst': None, 'n_estimators': 600, 'n_jobs': -1, 'oob_score': False, 'random_state': 261745, 'verbose': 0, 'warm_start': False}",,,,,,,,,,,,,
mordred__chemberta,rf,External,all,2,ExtraTreesRegressor,,,,,,,,,0.8696108834394111,1.3041574229089998,2251,1.3041574229089998,0.8916254865866209,0.5734149027462653,-0.0775977334209158,"{'bootstrap': False, 'ccp_alpha': 0.0, 'criterion': 'squared_error', 'max_depth': None, 'max_features': 0.7, 'max_leaf_nodes': None, 'max_samples': None, 'min_impurity_decrease': 0.0, 'min_samples_leaf': 1, 'min_samples_split': 2, 'min_weight_fraction_leaf': 0.0, 'monotonic_cst': None, 'n_estimators': 600, 'n_jobs': -1, 'oob_score': False, 'random_state': 261745, 'verbose': 0, 'warm_start': False}",,,,,,,,,,,,,
mordred__chemberta,rf,External,all6_bad,2,ExtraTreesRegressor,,,,,,,,,0.8696108834394111,1.3041574229089998,256,3.024476632751401,2.7562318218406783,-0.2003826220127025,-0.6917851637283281,"{'bootstrap': False, 'ccp_alpha': 0.0, 'criterion': 'squared_error', 'max_depth': None, 'max_features': 0.7, 'max_leaf_nodes': None, 'max_samples': None, 'min_impurity_decrease': 0.0, 'min_samples_leaf': 1, 'min_samples_split': 2, 'min_weight_fraction_leaf': 0.0, 'monotonic_cst': None, 'n_estimators': 600, 'n_jobs': -1, 'oob_score': False, 'random_state': 261745, 'verbose': 0, 'warm_start': False}",,,,,,,,,,,,,
mordred__chemberta,rf,External,not_all6_bad,2,ExtraTreesRegressor,,,,,,,,,0.8696108834394111,1.3041574229089998,1995,0.8632894951312762,0.6523577062231929,0.7870949877512003,0.001215290217529,"{'bootstrap': False, 'ccp_alpha': 0.0, 'criterion': 'squared_error', 'max_depth': None, 'max_features': 0.7, 'max_leaf_nodes': None, 'max_samples': None, 'min_impurity_decrease': 0.0, 'min_samples_leaf': 1, 'min_samples_split': 2, 'min_weight_fraction_leaf': 0.0, 'monotonic_cst': None, 'n_estimators': 600, 'n_jobs': -1, 'oob_score': False, 'random_state': 261745, 'verbose': 0, 'warm_start': False}",,,,,,,,,,,,,
mordred__chemberta,mlp,Train,all,1,TorchMLP,,,,,,,,,0.8643254657710453,1.3185408403756964,6437,0.2418777731063731,0.1750089079141616,0.9890204668045044,0.0404512621462345,,384.0,2.0,0.05,0.0003129029961259,8.485269320819806e-05,512.0,220.0,45.0,cuda:0,,,,
mordred__chemberta,mlp,Train,not_all6_bad,1,TorchMLP,,,,,,,,,0.8643254657710453,1.3185408403756964,6437,0.2418777731063731,0.1750089079141616,0.9890204668045044,0.0404512621462345,,384.0,2.0,0.05,0.0003129029961259,8.485269320819806e-05,512.0,220.0,45.0,cuda:0,,,,
mordred__chemberta,mlp,Val,all,1,TorchMLP,,,,,,,,,0.8643254657710453,1.3185408403756964,1610,0.8643254657710453,0.605739176273346,0.8592002987861633,0.0313719548285007,,384.0,2.0,0.05,0.0003129029961259,8.485269320819806e-05,512.0,220.0,45.0,cuda:0,,,,
mordred__chemberta,mlp,Val,all6_bad,1,TorchMLP,,,,,,,,,0.8643254657710453,1.3185408403756964,74,2.41203514324669,2.2202348709106445,0.4372569918632507,-0.3695314824581146,,384.0,2.0,0.05,0.0003129029961259,8.485269320819806e-05,512.0,220.0,45.0,cuda:0,,,,
mordred__chemberta,mlp,Val,not_all6_bad,1,TorchMLP,,,,,,,,,0.8643254657710453,1.3185408403756964,1536,0.70905532692063,0.5279574990272522,0.9006323218345642,0.0506863258779048,,384.0,2.0,0.05,0.0003129029961259,8.485269320819806e-05,512.0,220.0,45.0,cuda:0,,,,
mordred__chemberta,mlp,External,all,1,TorchMLP,,,,,,,,,0.8643254657710453,1.3185408403756964,2251,1.3185408403756964,0.9114980101585388,0.5639535188674927,-0.0184989795088768,,384.0,2.0,0.05,0.0003129029961259,8.485269320819806e-05,512.0,220.0,45.0,cuda:0,,,,
mordred__chemberta,mlp,External,all6_bad,1,TorchMLP,,,,,,,,,0.8643254657710453,1.3185408403756964,256,2.986544634278728,2.721510648727417,-0.1704617738723755,-0.5971004962921143,,384.0,2.0,0.05,0.0003129029961259,8.485269320819806e-05,512.0,220.0,45.0,cuda:0,,,,
mordred__chemberta,mlp,External,not_all6_bad,1,TorchMLP,,,,,,,,,0.8643254657710453,1.3185408403756964,1995,0.9039309855170132,0.6792357563972473,0.7665770649909973,0.0557476207613945,,384.0,2.0,0.05,0.0003129029961259,8.485269320819806e-05,512.0,220.0,45.0,cuda:0,,,,
mordred__chemberta,ridge,Train,all,6,ridge_alpha_100.0,,,,,,,,,0.8896558407455586,1.3317361991515264,6437,0.3774507627524197,0.2834115028381347,0.9732630848884584,-2.3704813667535522e-09,"{'alpha': 100.0, 'copy_X': True, 'fit_intercept': True, 'max_iter': None, 'positive': False, 'random_state': None, 'solver': 'auto', 'tol': 0.0001}",,,,,,,,,,,,,
mordred__chemberta,ridge,Train,not_all6_bad,6,ridge_alpha_100.0,,,,,,,,,0.8896558407455586,1.3317361991515264,6437,0.3774507627524197,0.2834115028381347,0.9732630848884584,-2.3704813667535522e-09,"{'alpha': 100.0, 'copy_X': True, 'fit_intercept': True, 'max_iter': None, 'positive': False, 'random_state': None, 'solver': 'auto', 'tol': 0.0001}",,,,,,,,,,,,,
mordred__chemberta,ridge,Val,all,6,ridge_alpha_100.0,,,,,,,,,0.8896558407455586,1.3317361991515264,1610,0.8896558407455586,0.6291638016700745,0.850826621055603,-0.0040805912576615,"{'alpha': 100.0, 'copy_X': True, 'fit_intercept': True, 'max_iter': None, 'positive': False, 'random_state': None, 'solver': 'auto', 'tol': 0.0001}",,,,,,,,,,,,,
mordred__chemberta,ridge,Val,all6_bad,6,ridge_alpha_100.0,,,,,,,,,0.8896558407455586,1.3317361991515264,74,2.445489164070639,2.235330104827881,0.4215386509895324,-0.4368351697921753,"{'alpha': 100.0, 'copy_X': True, 'fit_intercept': True, 'max_iter': None, 'positive': False, 'random_state': None, 'solver': 'auto', 'tol': 0.0001}",,,,,,,,,,,,,
mordred__chemberta,ridge,Val,not_all6_bad,6,ridge_alpha_100.0,,,,,,,,,0.8896558407455586,1.3317361991515264,1536,0.7358668574872017,0.5517833828926086,0.8929755091667175,0.0167682599276304,"{'alpha': 100.0, 'copy_X': True, 'fit_intercept': True, 'max_iter': None, 'positive': False, 'random_state': None, 'solver': 'auto', 'tol': 0.0001}",,,,,,,,,,,,,
mordred__chemberta,ridge,External,all,6,ridge_alpha_100.0,,,,,,,,,0.8896558407455586,1.3317361991515264,2251,1.3317361991515264,0.922536075115204,0.5551823377609253,-0.1051389276981353,"{'alpha': 100.0, 'copy_X': True, 'fit_intercept': True, 'max_iter': None, 'positive': False, 'random_state': None, 'solver': 'auto', 'tol': 0.0001}",,,,,,,,,,,,,
mordred__chemberta,ridge,External,all6_bad,6,ridge_alpha_100.0,,,,,,,,,0.8896558407455586,1.3317361991515264,256,3.047263096276672,2.7637290954589844,-0.2185381650924682,-0.6534982323646545,"{'alpha': 100.0, 'copy_X': True, 'fit_intercept': True, 'max_iter': None, 'positive': False, 'random_state': None, 'solver': 'auto', 'tol': 0.0001}",,,,,,,,,,,,,
mordred__chemberta,ridge,External,not_all6_bad,6,ridge_alpha_100.0,,,,,,,,,0.8896558407455586,1.3317361991515264,1995,0.8997433667395505,0.6862726807594299,0.7687348127365112,-0.0347730107605457,"{'alpha': 100.0, 'copy_X': True, 'fit_intercept': True, 'max_iter': None, 'positive': False, 'random_state': None, 'solver': 'auto', 'tol': 0.0001}",,,,,,,,,,,,,
mordred__chemberta,knn_svm,Train,all,7,KNeighborsRegressor,,,,,,,,,0.9385645070409028,1.4141657639966083,6437,1.063029840617479e-05,3.642441518011556e-06,0.9999999999787929,-3.956260865084573e-08,,,,,,,,,,,sklearn_knn,20.0,distance,cosine
mordred__chemberta,knn_svm,Train,not_all6_bad,7,KNeighborsRegressor,,,,,,,,,0.9385645070409028,1.4141657639966083,6437,1.063029840617479e-05,3.642441518011556e-06,0.9999999999787929,-3.956260865084573e-08,,,,,,,,,,,sklearn_knn,20.0,distance,cosine
mordred__chemberta,knn_svm,Val,all,7,KNeighborsRegressor,,,,,,,,,0.9385645070409028,1.4141657639966083,1610,0.9385645070409028,0.6630034715711445,0.8339742767756335,-0.0032501777702536,,,,,,,,,,,sklearn_knn,20.0,distance,cosine
mordred__chemberta,knn_svm,Val,all6_bad,7,KNeighborsRegressor,,,,,,,,,0.9385645070409028,1.4141657639966083,74,2.5082153601337818,2.2679852611964217,0.3914833491292355,-0.4304221874807735,,,,,,,,,,,sklearn_knn,20.0,distance,cosine
mordred__chemberta,knn_svm,Val,not_all6_bad,7,KNeighborsRegressor,,,,,,,,,0.9385645070409028,1.4141657639966083,1536,0.7875618733438987,0.585680130143885,0.8774102532563717,0.0173297237392375,,,,,,,,,,,sklearn_knn,20.0,distance,cosine
mordred__chemberta,knn_svm,External,all,7,KNeighborsRegressor,,,,,,,,,0.9385645070409028,1.4141657639966083,2251,1.4141657639966083,0.960668473222289,0.4984129882480993,-0.063775623954117,,,,,,,,,,,sklearn_knn,20.0,distance,cosine
mordred__chemberta,knn_svm,External,all6_bad,7,KNeighborsRegressor,,,,,,,,,0.9385645070409028,1.4141657639966083,256,3.217495271661093,2.837728035920009,-0.3584856876053117,-0.6745011171078659,,,,,,,,,,,sklearn_knn,20.0,distance,cosine
mordred__chemberta,knn_svm,External,not_all6_bad,7,KNeighborsRegressor,,,,,,,,,0.9385645070409028,1.4141657639966083,1995,0.9633673899021088,0.7198026847257396,0.7348712306940168,0.0145931611322788,,,,,,,,,,,sklearn_knn,20.0,distance,cosine
mordred__atom_gnn,xgb,Train,all,1,XGBRegressor,500.0,6.0,0.0295700936395623,0.85,0.65,10.0,0.001,2.0,0.8330671640340397,1.460875402752594,6437,0.2917280246136823,0.2161077260971069,0.984028458595276,0.000177603578777,,,,,,,,,,,,,,
mordred__atom_gnn,xgb,Train,not_all6_bad,1,XGBRegressor,500.0,6.0,0.0295700936395623,0.85,0.65,10.0,0.001,2.0,0.8330671640340397,1.460875402752594,6437,0.2917280246136823,0.2161077260971069,0.984028458595276,0.000177603578777,,,,,,,,,,,,,,
mordred__atom_gnn,xgb,Val,all,1,XGBRegressor,500.0,6.0,0.0295700936395623,0.85,0.65,10.0,0.001,2.0,0.8330671640340397,1.460875402752594,1610,0.8330671640340397,0.5836910605430603,0.8692001700401306,-0.0046354364603757,,,,,,,,,,,,,,
mordred__atom_gnn,xgb,Val,all6_bad,1,XGBRegressor,500.0,6.0,0.0295700936395623,0.85,0.65,10.0,0.001,2.0,0.8330671640340397,1.460875402752594,74,2.239407720260211,2.0799906253814697,0.5149246454238892,-0.2060772776603698,,,,,,,,,,,,,,
mordred__atom_gnn,xgb,Val,not_all6_bad,1,XGBRegressor,500.0,6.0,0.0295700936395623,0.85,0.65,10.0,0.001,2.0,0.8330671640340397,1.460875402752594,1536,0.6970152846292798,0.5116036534309387,0.9039782881736756,0.0050694458186626,,,,,,,,,,,,,,
mordred__atom_gnn,xgb,External,all,1,XGBRegressor,500.0,6.0,0.0295700936395623,0.85,0.65,10.0,0.001,2.0,0.8330671640340397,1.460875402752594,2251,1.460875402752594,0.9961301684379578,0.4647311568260193,-0.2710278630256653,,,,,,,,,,,,,,
mordred__atom_gnn,xgb,External,all6_bad,1,XGBRegressor,500.0,6.0,0.0295700936395623,0.85,0.65,10.0,0.001,2.0,0.8330671640340397,1.460875402752594,256,3.1563478964551788,2.886331558227539,-0.3073412179946899,-0.8484290838241577,,,,,,,,,,,,,,
mordred__atom_gnn,xgb,External,not_all6_bad,1,XGBRegressor,500.0,6.0,0.0295700936395623,0.85,0.65,10.0,0.001,2.0,0.8330671640340397,1.460875402752594,1995,1.062832836303148,0.7535780072212219,0.6772971153259277,-0.1969353109598159,,,,,,,,,,,,,,
mordred__atom_gnn,rf,Train,all,6,ExtraTreesRegressor,,,,,,,,,0.8303018195880578,1.4655537569798698,6437,0.2136663320720877,0.1290528519632562,0.9914323203362848,3.946233152621343e-17,"{'bootstrap': False, 'ccp_alpha': 0.0, 'criterion': 'squared_error', 'max_depth': 22, 'max_features': 1.0, 'max_leaf_nodes': None, 'max_samples': None, 'min_impurity_decrease': 0.0, 'min_samples_leaf': 4, 'min_samples_split': 2, 'min_weight_fraction_leaf': 0.0, 'monotonic_cst': None, 'n_estimators': 250, 'n_jobs': -1, 'oob_score': False, 'random_state': 262749, 'verbose': 0, 'warm_start': False}",,,,,,,,,,,,,
mordred__atom_gnn,rf,Train,not_all6_bad,6,ExtraTreesRegressor,,,,,,,,,0.8303018195880578,1.4655537569798698,6437,0.2136663320720877,0.1290528519632562,0.9914323203362848,3.946233152621343e-17,"{'bootstrap': False, 'ccp_alpha': 0.0, 'criterion': 'squared_error', 'max_depth': 22, 'max_features': 1.0, 'max_leaf_nodes': None, 'max_samples': None, 'min_impurity_decrease': 0.0, 'min_samples_leaf': 4, 'min_samples_split': 2, 'min_weight_fraction_leaf': 0.0, 'monotonic_cst': None, 'n_estimators': 250, 'n_jobs': -1, 'oob_score': False, 'random_state': 262749, 'verbose': 0, 'warm_start': False}",,,,,,,,,,,,,
mordred__atom_gnn,rf,Val,all,6,ExtraTreesRegressor,,,,,,,,,0.8303018195880578,1.4655537569798698,1610,0.8303018195880578,0.58591666187199,0.870067107541531,-0.0109129259008779,"{'bootstrap': False, 'ccp_alpha': 0.0, 'criterion': 'squared_error', 'max_depth': 22, 'max_features': 1.0, 'max_leaf_nodes': None, 'max_samples': None, 'min_impurity_decrease': 0.0, 'min_samples_leaf': 4, 'min_samples_split': 2, 'min_weight_fraction_leaf': 0.0, 'monotonic_cst': None, 'n_estimators': 250, 'n_jobs': -1, 'oob_score': False, 'random_state': 262749, 'verbose': 0, 'warm_start': False}",,,,,,,,,,,,,
mordred__atom_gnn,rf,Val,all6_bad,6,ExtraTreesRegressor,,,,,,,,,0.8303018195880578,1.4655537569798698,74,2.218058384070316,2.074421053300803,0.5241295173220936,-0.2135788486351251,"{'bootstrap': False, 'ccp_alpha': 0.0, 'criterion': 'squared_error', 'max_depth': 22, 'max_features': 1.0, 'max_leaf_nodes': None, 'max_samples': None, 'min_impurity_decrease': 0.0, 'min_samples_leaf': 4, 'min_samples_split': 2, 'min_weight_fraction_leaf': 0.0, 'monotonic_cst': None, 'n_estimators': 250, 'n_jobs': -1, 'oob_score': False, 'random_state': 262749, 'verbose': 0, 'warm_start': False}",,,,,,,,,,,,,
mordred__atom_gnn,rf,Val,not_all6_bad,6,ExtraTreesRegressor,,,,,,,,,0.8303018195880578,1.4655537569798698,1536,0.6968455001479369,0.5142048617640914,0.9040250750801376,-0.0011490728524832,"{'bootstrap': False, 'ccp_alpha': 0.0, 'criterion': 'squared_error', 'max_depth': 22, 'max_features': 1.0, 'max_leaf_nodes': None, 'max_samples': None, 'min_impurity_decrease': 0.0, 'min_samples_leaf': 4, 'min_samples_split': 2, 'min_weight_fraction_leaf': 0.0, 'monotonic_cst': None, 'n_estimators': 250, 'n_jobs': -1, 'oob_score': False, 'random_state': 262749, 'verbose': 0, 'warm_start': False}",,,,,,,,,,,,,
mordred__atom_gnn,rf,External,all,6,ExtraTreesRegressor,,,,,,,,,0.8303018195880578,1.4655537569798698,2251,1.4655537569798698,0.9975950802277186,0.4612973023576581,-0.2678599066462782,"{'bootstrap': False, 'ccp_alpha': 0.0, 'criterion': 'squared_error', 'max_depth': 22, 'max_features': 1.0, 'max_leaf_nodes': None, 'max_samples': None, 'min_impurity_decrease': 0.0, 'min_samples_leaf': 4, 'min_samples_split': 2, 'min_weight_fraction_leaf': 0.0, 'monotonic_cst': None, 'n_estimators': 250, 'n_jobs': -1, 'oob_score': False, 'random_state': 262749, 'verbose': 0, 'warm_start': False}",,,,,,,,,,,,,
mordred__atom_gnn,rf,External,all6_bad,6,ExtraTreesRegressor,,,,,,,,,0.8303018195880578,1.4655537569798698,256,3.1600729022458403,2.902374549106157,-0.3104288209454333,-0.829442908905525,"{'bootstrap': False, 'ccp_alpha': 0.0, 'criterion': 'squared_error', 'max_depth': 22, 'max_features': 1.0, 'max_leaf_nodes': None, 'max_samples': None, 'min_impurity_decrease': 0.0, 'min_samples_leaf': 4, 'min_samples_split': 2, 'min_weight_fraction_leaf': 0.0, 'monotonic_cst': None, 'n_estimators': 250, 'n_jobs': -1, 'oob_score': False, 'random_state': 262749, 'verbose': 0, 'warm_start': False}",,,,,,,,,,,,,
mordred__atom_gnn,rf,External,not_all6_bad,6,ExtraTreesRegressor,,,,,,,,,0.8303018195880578,1.4655537569798698,1995,1.068663672424892,0.7531722511385557,0.6737465850485558,-0.1957971254039889,"{'bootstrap': False, 'ccp_alpha': 0.0, 'criterion': 'squared_error', 'max_depth': 22, 'max_features': 1.0, 'max_leaf_nodes': None, 'max_samples': None, 'min_impurity_decrease': 0.0, 'min_samples_leaf': 4, 'min_samples_split': 2, 'min_weight_fraction_leaf': 0.0, 'monotonic_cst': None, 'n_estimators': 250, 'n_jobs': -1, 'oob_score': False, 'random_state': 262749, 'verbose': 0, 'warm_start': False}",,,,,,,,,,,,,
mordred__atom_gnn,mlp,Train,all,3,TorchMLP,,,,,,,,,0.8459901741011835,1.4133651025293466,6437,0.525447374420111,0.3865857720375061,0.9481857419013976,0.0337945334613323,,256.0,2.0,0.35,0.0018596047711701,0.0001492559551128,256.0,220.0,30.0,cuda:0,,,,
mordred__atom_gnn,mlp,Train,not_all6_bad,3,TorchMLP,,,,,,,,,0.8459901741011835,1.4133651025293466,6437,0.525447374420111,0.3865857720375061,0.9481857419013976,0.0337945334613323,,256.0,2.0,0.35,0.0018596047711701,0.0001492559551128,256.0,220.0,30.0,cuda:0,,,,
mordred__atom_gnn,mlp,Val,all,3,TorchMLP,,,,,,,,,0.8459901741011835,1.4133651025293466,1610,0.8459901741011835,0.598051905632019,0.8651106357574463,0.0229252707213163,,256.0,2.0,0.35,0.0018596047711701,0.0001492559551128,256.0,220.0,30.0,cuda:0,,,,
mordred__atom_gnn,mlp,Val,all6_bad,3,TorchMLP,,,,,,,,,0.8459901741011835,1.4133651025293466,74,2.2255388014699147,2.0594735145568848,0.5209143161773682,-0.2035914212465286,,256.0,2.0,0.35,0.0018596047711701,0.0001492559551128,256.0,220.0,30.0,cuda:0,,,,
mordred__atom_gnn,mlp,Val,not_all6_bad,3,TorchMLP,,,,,,,,,0.8459901741011835,1.4133651025293466,1536,0.7152324516066352,0.5276448726654053,0.8988934755325317,0.0338381864130497,,256.0,2.0,0.35,0.0018596047711701,0.0001492559551128,256.0,220.0,30.0,cuda:0,,,,
mordred__atom_gnn,mlp,External,all,3,TorchMLP,,,,,,,,,0.8459901741011835,1.4133651025293466,2251,1.4133651025293466,0.97300785779953,0.4989808201789856,-0.1756336390972137,,256.0,2.0,0.35,0.0018596047711701,0.0001492559551128,256.0,220.0,30.0,cuda:0,,,,
mordred__atom_gnn,mlp,External,all6_bad,3,TorchMLP,,,,,,,,,0.8459901741011835,1.4133651025293466,256,3.1304630592700025,2.85477876663208,-0.2859864234924316,-0.8462327718734741,,256.0,2.0,0.35,0.0018596047711701,0.0001492559551128,256.0,220.0,30.0,cuda:0,,,,
mordred__atom_gnn,mlp,External,not_all6_bad,3,TorchMLP,,,,,,,,,0.8459901741011835,1.4133651025293466,1995,0.998206795796684,0.7315374612808228,0.7153481245040894,-0.0895818248391151,,256.0,2.0,0.35,0.0018596047711701,0.0001492559551128,256.0,220.0,30.0,cuda:0,,,,
mordred__atom_gnn,ridge,Train,all,11,elastic_alpha_0.01_l1_0.5,,,,,,,,,0.8979446054229133,1.4563597085254916,6437,0.6529374761456354,0.485438734292984,0.9199918508529664,-8.889305291859273e-09,"{'alpha': 0.01, 'copy_X': True, 'fit_intercept': True, 'l1_ratio': 0.5, 'max_iter': 5000, 'positive': False, 'precompute': False, 'random_state': 262817, 'selection': 'cyclic', 'tol': 0.0001, 'warm_start': False}",,,,,,,,,,,,,
mordred__atom_gnn,ridge,Train,not_all6_bad,11,elastic_alpha_0.01_l1_0.5,,,,,,,,,0.8979446054229133,1.4563597085254916,6437,0.6529374761456354,0.485438734292984,0.9199918508529664,-8.889305291859273e-09,"{'alpha': 0.01, 'copy_X': True, 'fit_intercept': True, 'l1_ratio': 0.5, 'max_iter': 5000, 'positive': False, 'precompute': False, 'random_state': 262817, 'selection': 'cyclic', 'tol': 0.0001, 'warm_start': False}",,,,,,,,,,,,,
mordred__atom_gnn,ridge,Val,all,11,elastic_alpha_0.01_l1_0.5,,,,,,,,,0.8979446054229133,1.4563597085254916,1610,0.8979446054229133,0.6527957320213318,0.8480340838432312,-0.0120917027816176,"{'alpha': 0.01, 'copy_X': True, 'fit_intercept': True, 'l1_ratio': 0.5, 'max_iter': 5000, 'positive': False, 'precompute': False, 'random_state': 262817, 'selection': 'cyclic', 'tol': 0.0001, 'warm_start': False}",,,,,,,,,,,,,
mordred__atom_gnn,ridge,Val,all6_bad,11,elastic_alpha_0.01_l1_0.5,,,,,,,,,0.8979446054229133,1.4563597085254916,74,2.261621977163808,2.086925983428955,0.5052533149719238,-0.2366199791431427,"{'alpha': 0.01, 'copy_X': True, 'fit_intercept': True, 'l1_ratio': 0.5, 'max_iter': 5000, 'positive': False, 'precompute': False, 'random_state': 262817, 'selection': 'cyclic', 'tol': 0.0001, 'warm_start': False}",,,,,,,,,,,,,
mordred__atom_gnn,ridge,Val,not_all6_bad,11,elastic_alpha_0.01_l1_0.5,,,,,,,,,0.8979446054229133,1.4563597085254916,1536,0.7737747767091265,0.5837035179138184,0.8816648125648499,-0.0012745881685987,"{'alpha': 0.01, 'copy_X': True, 'fit_intercept': True, 'l1_ratio': 0.5, 'max_iter': 5000, 'positive': False, 'precompute': False, 'random_state': 262817, 'selection': 'cyclic', 'tol': 0.0001, 'warm_start': False}",,,,,,,,,,,,,
mordred__atom_gnn,ridge,External,all,11,elastic_alpha_0.01_l1_0.5,,,,,,,,,0.8979446054229133,1.4563597085254916,2251,1.4563597085254916,1.0129551887512207,0.4680351614952087,-0.2016196399927139,"{'alpha': 0.01, 'copy_X': True, 'fit_intercept': True, 'l1_ratio': 0.5, 'max_iter': 5000, 'positive': False, 'precompute': False, 'random_state': 262817, 'selection': 'cyclic', 'tol': 0.0001, 'warm_start': False}",,,,,,,,,,,,,
mordred__atom_gnn,ridge,External,all6_bad,11,elastic_alpha_0.01_l1_0.5,,,,,,,,,0.8979446054229133,1.4563597085254916,256,3.1402475310514,2.846745729446411,-0.2940378189086914,-0.7935439348220825,"{'alpha': 0.01, 'copy_X': True, 'fit_intercept': True, 'l1_ratio': 0.5, 'max_iter': 5000, 'positive': False, 'precompute': False, 'random_state': 262817, 'selection': 'cyclic', 'tol': 0.0001, 'warm_start': False}",,,,,,,,,,,,,
mordred__atom_gnn,ridge,External,not_all6_bad,11,elastic_alpha_0.01_l1_0.5,,,,,,,,,0.8979446054229133,1.4563597085254916,1995,1.0619598586475782,0.7776417136192322,0.677827000617981,-0.1256634294986724,"{'alpha': 0.01, 'copy_X': True, 'fit_intercept': True, 'l1_ratio': 0.5, 'max_iter': 5000, 'positive': False, 'precompute': False, 'random_state': 262817, 'selection': 'cyclic', 'tol': 0.0001, 'warm_start': False}",,,,,,,,,,,,,
mordred__atom_gnn,knn_svm,Train,all,4,KNeighborsRegressor,,,,,,,,,0.9262811008383696,1.4471747747799826,6437,3.586385964839711e-07,2.184889099467673e-07,0.999999999999976,1.0864299916770806e-08,,,,,,,,,,,sklearn_knn,10.0,distance,euclidean
mordred__atom_gnn,knn_svm,Train,not_all6_bad,4,KNeighborsRegressor,,,,,,,,,0.9262811008383696,1.4471747747799826,6437,3.586385964839711e-07,2.184889099467673e-07,0.999999999999976,1.0864299916770806e-08,,,,,,,,,,,sklearn_knn,10.0,distance,euclidean
mordred__atom_gnn,knn_svm,Val,all,4,KNeighborsRegressor,,,,,,,,,0.9262811008383696,1.4471747747799826,1610,0.9262811008383696,0.6687301783268148,0.8382915429278808,0.0262843649902266,,,,,,,,,,,sklearn_knn,10.0,distance,euclidean
mordred__atom_gnn,knn_svm,Val,all6_bad,4,KNeighborsRegressor,,,,,,,,,0.9262811008383696,1.4471747747799826,74,2.301669037504074,2.0772441144919345,0.4875770513414409,-0.252680123672573,,,,,,,,,,,sklearn_knn,10.0,distance,euclidean
mordred__atom_gnn,knn_svm,Val,not_all6_bad,4,KNeighborsRegressor,,,,,,,,,0.9262811008383696,1.4471747747799826,1536,0.8025619397432227,0.6008720850480266,0.872696043480616,0.039724060407575,,,,,,,,,,,sklearn_knn,10.0,distance,euclidean
mordred__atom_gnn,knn_svm,External,all,4,KNeighborsRegressor,,,,,,,,,0.9262811008383696,1.4471747747799826,2251,1.4471747747799826,0.9810510663691758,0.4747239351423236,-0.1711397071171944,,,,,,,,,,,sklearn_knn,10.0,distance,euclidean
mordred__atom_gnn,knn_svm,External,all6_bad,4,KNeighborsRegressor,,,,,,,,,0.9262811008383696,1.4471747747799826,256,3.182084815077645,2.833534770305,-0.3287483394467947,-0.8669742629452151,,,,,,,,,,,sklearn_knn,10.0,distance,euclidean
mordred__atom_gnn,knn_svm,External,not_all6_bad,4,KNeighborsRegressor,,,,,,,,,0.9262811008383696,1.4471747747799826,1995,1.031370782693005,0.7433388717789149,0.6961196472751467,-0.0818496588505411,,,,,,,,,,,sklearn_knn,10.0,distance,euclidean
mordred__brics_gnn,xgb,Train,all,8,XGBRegressor,800.0,6.0,0.0696858506912236,0.7,0.65,10.0,0.0001,2.0,0.8927438527848739,1.3536870058008506,6437,0.1109430068287992,0.0815566033124923,0.9976901412010192,0.0002293218421982,,,,,,,,,,,,,,
mordred__brics_gnn,xgb,Train,not_all6_bad,8,XGBRegressor,800.0,6.0,0.0696858506912236,0.7,0.65,10.0,0.0001,2.0,0.8927438527848739,1.3536870058008506,6437,0.1109430068287992,0.0815566033124923,0.9976901412010192,0.0002293218421982,,,,,,,,,,,,,,
mordred__brics_gnn,xgb,Val,all,8,XGBRegressor,800.0,6.0,0.0696858506912236,0.7,0.65,10.0,0.0001,2.0,0.8927438527848739,1.3536870058008506,1610,0.8927438527848739,0.6286513209342957,0.8497892618179321,-0.0168510768562555,,,,,,,,,,,,,,
mordred__brics_gnn,xgb,Val,all6_bad,8,XGBRegressor,800.0,6.0,0.0696858506912236,0.7,0.65,10.0,0.0001,2.0,0.8927438527848739,1.3536870058008506,74,2.2572532938072247,2.1080262660980225,0.5071628093719482,-0.2486762553453445,,,,,,,,,,,,,,
mordred__brics_gnn,xgb,Val,not_all6_bad,8,XGBRegressor,800.0,6.0,0.0696858506912236,0.7,0.65,10.0,0.0001,2.0,0.8927438527848739,1.3536870058008506,1536,0.768060469558966,0.5573793649673462,0.8834061622619629,-0.0056824125349521,,,,,,,,,,,,,,
mordred__brics_gnn,xgb,External,all,8,XGBRegressor,800.0,6.0,0.0696858506912236,0.7,0.65,10.0,0.0001,2.0,0.8927438527848739,1.3536870058008506,2251,1.3536870058008506,0.8937771916389465,0.5403977632522583,-0.1537489891052246,,,,,,,,,,,,,,
mordred__brics_gnn,xgb,External,all6_bad,8,XGBRegressor,800.0,6.0,0.0696858506912236,0.7,0.65,10.0,0.0001,2.0,0.8927438527848739,1.3536870058008506,256,3.071962025089788,2.773768901824951,-0.2383713722229004,-0.7851325273513794,,,,,,,,,,,,,,
mordred__brics_gnn,xgb,External,not_all6_bad,8,XGBRegressor,800.0,6.0,0.0696858506912236,0.7,0.65,10.0,0.0001,2.0,0.8927438527848739,1.3536870058008506,1995,0.9255567189853352,0.6525352001190186,0.7552745938301086,-0.0727293342351913,,,,,,,,,,,,,,
mordred__brics_gnn,rf,Train,all,4,ExtraTreesRegressor,,,,,,,,,0.9036824054877844,1.374193691629922,6437,0.0312745928386355,0.0207631888045178,0.9998164415593636,7.269830742263531e-18,"{'bootstrap': False, 'ccp_alpha': 0.0, 'criterion': 'squared_error', 'max_depth': 22, 'max_features': 0.7, 'max_leaf_nodes': None, 'max_samples': None, 'min_impurity_decrease': 0.0, 'min_samples_leaf': 1, 'min_samples_split': 2, 'min_weight_fraction_leaf': 0.0, 'monotonic_cst': None, 'n_estimators': 600, 'n_jobs': -1, 'oob_score': False, 'random_state': 263747, 'verbose': 0, 'warm_start': False}",,,,,,,,,,,,,
mordred__brics_gnn,rf,Train,not_all6_bad,4,ExtraTreesRegressor,,,,,,,,,0.9036824054877844,1.374193691629922,6437,0.0312745928386355,0.0207631888045178,0.9998164415593636,7.269830742263531e-18,"{'bootstrap': False, 'ccp_alpha': 0.0, 'criterion': 'squared_error', 'max_depth': 22, 'max_features': 0.7, 'max_leaf_nodes': None, 'max_samples': None, 'min_impurity_decrease': 0.0, 'min_samples_leaf': 1, 'min_samples_split': 2, 'min_weight_fraction_leaf': 0.0, 'monotonic_cst': None, 'n_estimators': 600, 'n_jobs': -1, 'oob_score': False, 'random_state': 263747, 'verbose': 0, 'warm_start': False}",,,,,,,,,,,,,
mordred__brics_gnn,rf,Val,all,4,ExtraTreesRegressor,,,,,,,,,0.9036824054877844,1.374193691629922,1610,0.9036824054877844,0.6411540983439968,0.8460857676586517,-0.0227018023254438,"{'bootstrap': False, 'ccp_alpha': 0.0, 'criterion': 'squared_error', 'max_depth': 22, 'max_features': 0.7, 'max_leaf_nodes': None, 'max_samples': None, 'min_impurity_decrease': 0.0, 'min_samples_leaf': 1, 'min_samples_split': 2, 'min_weight_fraction_leaf': 0.0, 'monotonic_cst': None, 'n_estimators': 600, 'n_jobs': -1, 'oob_score': False, 'random_state': 263747, 'verbose': 0, 'warm_start': False}",,,,,,,,,,,,,
mordred__brics_gnn,rf,Val,all6_bad,4,ExtraTreesRegressor,,,,,,,,,0.9036824054877844,1.374193691629922,74,2.2727193955424654,2.138553111825626,0.5003861643394883,-0.263813230575295,"{'bootstrap': False, 'ccp_alpha': 0.0, 'criterion': 'squared_error', 'max_depth': 22, 'max_features': 0.7, 'max_leaf_nodes': None, 'max_samples': None, 'min_impurity_decrease': 0.0, 'min_samples_leaf': 1, 'min_samples_split': 2, 'min_weight_fraction_leaf': 0.0, 'monotonic_cst': None, 'n_estimators': 600, 'n_jobs': -1, 'oob_score': False, 'random_state': 263747, 'verbose': 0, 'warm_start': False}",,,,,,,,,,,,,
mordred__brics_gnn,rf,Val,not_all6_bad,4,ExtraTreesRegressor,,,,,,,,,0.9036824054877844,1.374193691629922,1536,0.7791909062835962,0.5690137812882411,0.8800024077850986,-0.0110857569540317,"{'bootstrap': False, 'ccp_alpha': 0.0, 'criterion': 'squared_error', 'max_depth': 22, 'max_features': 0.7, 'max_leaf_nodes': None, 'max_samples': None, 'min_impurity_decrease': 0.0, 'min_samples_leaf': 1, 'min_samples_split': 2, 'min_weight_fraction_leaf': 0.0, 'monotonic_cst': None, 'n_estimators': 600, 'n_jobs': -1, 'oob_score': False, 'random_state': 263747, 'verbose': 0, 'warm_start': False}",,,,,,,,,,,,,
mordred__brics_gnn,rf,External,all,4,ExtraTreesRegressor,,,,,,,,,0.9036824054877844,1.374193691629922,2251,1.374193691629922,0.9017261500560324,0.5263674457353069,-0.1453361045404764,"{'bootstrap': False, 'ccp_alpha': 0.0, 'criterion': 'squared_error', 'max_depth': 22, 'max_features': 0.7, 'max_leaf_nodes': None, 'max_samples': None, 'min_impurity_decrease': 0.0, 'min_samples_leaf': 1, 'min_samples_split': 2, 'min_weight_fraction_leaf': 0.0, 'monotonic_cst': None, 'n_estimators': 600, 'n_jobs': -1, 'oob_score': False, 'random_state': 263747, 'verbose': 0, 'warm_start': False}",,,,,,,,,,,,,
mordred__brics_gnn,rf,External,all6_bad,4,ExtraTreesRegressor,,,,,,,,,0.9036824054877844,1.374193691629922,256,3.108461846790911,2.808840036267868,-0.2679739025167302,-0.777880304460776,"{'bootstrap': False, 'ccp_alpha': 0.0, 'criterion': 'squared_error', 'max_depth': 22, 'max_features': 0.7, 'max_leaf_nodes': None, 'max_samples': None, 'min_impurity_decrease': 0.0, 'min_samples_leaf': 1, 'min_samples_split': 2, 'min_weight_fraction_leaf': 0.0, 'monotonic_cst': None, 'n_estimators': 600, 'n_jobs': -1, 'oob_score': False, 'random_state': 263747, 'verbose': 0, 'warm_start': False}",,,,,,,,,,,,,
mordred__brics_gnn,rf,External,not_all6_bad,4,ExtraTreesRegressor,,,,,,,,,0.9036824054877844,1.374193691629922,1995,0.943835855728714,0.6570037666624332,0.7455128154464861,-0.0641675255030846,"{'bootstrap': False, 'ccp_alpha': 0.0, 'criterion': 'squared_error', 'max_depth': 22, 'max_features': 0.7, 'max_leaf_nodes': None, 'max_samples': None, 'min_impurity_decrease': 0.0, 'min_samples_leaf': 1, 'min_samples_split': 2, 'min_weight_fraction_leaf': 0.0, 'monotonic_cst': None, 'n_estimators': 600, 'n_jobs': -1, 'oob_score': False, 'random_state': 263747, 'verbose': 0, 'warm_start': False}",,,,,,,,,,,,,
mordred__brics_gnn,mlp,Train,all,2,TorchMLP,,,,,,,,,0.8660285697523606,1.3382226685074508,6437,0.408652336778054,0.2958326041698456,0.9686599969863892,0.0387897081673145,,384.0,2.0,0.35,0.0007499651543909,2.695522966175675e-05,256.0,220.0,75.0,cuda:0,,,,
mordred__brics_gnn,mlp,Train,not_all6_bad,2,TorchMLP,,,,,,,,,0.8660285697523606,1.3382226685074508,6437,0.408652336778054,0.2958326041698456,0.9686599969863892,0.0387897081673145,,384.0,2.0,0.35,0.0007499651543909,2.695522966175675e-05,256.0,220.0,75.0,cuda:0,,,,
mordred__brics_gnn,mlp,Val,all,2,TorchMLP,,,,,,,,,0.8660285697523606,1.3382226685074508,1610,0.8660285697523606,0.6161180734634399,0.8586448431015015,0.0125722363591194,,384.0,2.0,0.35,0.0007499651543909,2.695522966175675e-05,256.0,220.0,75.0,cuda:0,,,,
mordred__brics_gnn,mlp,Val,all6_bad,2,TorchMLP,,,,,,,,,0.8660285697523606,1.3382226685074508,74,2.1569301251309154,2.0100903511047363,0.5499974489212036,-0.2004836350679397,,384.0,2.0,0.35,0.0007499651543909,2.695522966175675e-05,256.0,220.0,75.0,cuda:0,,,,
mordred__brics_gnn,mlp,Val,not_all6_bad,2,TorchMLP,,,,,,,,,0.8660285697523606,1.3382226685074508,1536,0.749667928614331,0.5489605665206909,0.8889234066009521,0.022836647927761,,384.0,2.0,0.35,0.0007499651543909,2.695522966175675e-05,256.0,220.0,75.0,cuda:0,,,,
mordred__brics_gnn,mlp,External,all,2,TorchMLP,,,,,,,,,0.8660285697523606,1.3382226685074508,2251,1.3382226685074508,0.9169704914093018,0.5508386492729187,-0.1302367895841598,,384.0,2.0,0.35,0.0007499651543909,2.695522966175675e-05,256.0,220.0,75.0,cuda:0,,,,
mordred__brics_gnn,mlp,External,all6_bad,2,TorchMLP,,,,,,,,,0.8660285697523606,1.3382226685074508,256,3.0170676778018293,2.742449760437012,-0.194508671760559,-0.7900291681289673,,384.0,2.0,0.35,0.0007499651543909,2.695522966175675e-05,256.0,220.0,75.0,cuda:0,,,,
mordred__brics_gnn,mlp,External,not_all6_bad,2,TorchMLP,,,,,,,,,0.8660285697523606,1.3382226685074508,1995,0.9233506240901282,0.6827235221862793,0.7564398050308228,-0.0455717109143734,,384.0,2.0,0.35,0.0007499651543909,2.695522966175675e-05,256.0,220.0,75.0,cuda:0,,,,
mordred__brics_gnn,ridge,Train,all,2,ridge_alpha_1.0,,,,,,,,,0.93812448047926,1.43260329122116,6437,0.72454229080314,0.5462988018989563,0.9014813303947448,4.634291315142036e-07,"{'alpha': 1.0, 'copy_X': True, 'fit_intercept': True, 'max_iter': None, 'positive': False, 'random_state': None, 'solver': 'auto', 'tol': 0.0001}",,,,,,,,,,,,,
mordred__brics_gnn,ridge,Train,not_all6_bad,2,ridge_alpha_1.0,,,,,,,,,0.93812448047926,1.43260329122116,6437,0.72454229080314,0.5462988018989563,0.9014813303947448,4.634291315142036e-07,"{'alpha': 1.0, 'copy_X': True, 'fit_intercept': True, 'max_iter': None, 'positive': False, 'random_state': None, 'solver': 'auto', 'tol': 0.0001}",,,,,,,,,,,,,
mordred__brics_gnn,ridge,Val,all,2,ridge_alpha_1.0,,,,,,,,,0.93812448047926,1.43260329122116,1610,0.93812448047926,0.6907979249954224,0.8341299295425415,-0.0304188914597034,"{'alpha': 1.0, 'copy_X': True, 'fit_intercept': True, 'max_iter': None, 'positive': False, 'random_state': None, 'solver': 'auto', 'tol': 0.0001}",,,,,,,,,,,,,
mordred__brics_gnn,ridge,Val,all6_bad,2,ridge_alpha_1.0,,,,,,,,,0.93812448047926,1.43260329122116,74,2.234217177999493,2.051792621612549,0.5171706676483154,-0.2712817788124084,"{'alpha': 1.0, 'copy_X': True, 'fit_intercept': True, 'max_iter': None, 'positive': False, 'random_state': None, 'solver': 'auto', 'tol': 0.0001}",,,,,,,,,,,,,
mordred__brics_gnn,ridge,Val,not_all6_bad,2,ridge_alpha_1.0,,,,,,,,,0.93812448047926,1.43260329122116,1536,0.8258269832365661,0.6252291798591614,0.8652083873748779,-0.0188148189336061,"{'alpha': 1.0, 'copy_X': True, 'fit_intercept': True, 'max_iter': None, 'positive': False, 'random_state': None, 'solver': 'auto', 'tol': 0.0001}",,,,,,,,,,,,,
mordred__brics_gnn,ridge,External,all,2,ridge_alpha_1.0,,,,,,,,,0.93812448047926,1.43260329122116,2251,1.43260329122116,1.0117089748382568,0.4852486252784729,-0.1467267870903015,"{'alpha': 1.0, 'copy_X': True, 'fit_intercept': True, 'max_iter': None, 'positive': False, 'random_state': None, 'solver': 'auto', 'tol': 0.0001}",,,,,,,,,,,,,
mordred__brics_gnn,ridge,External,all6_bad,2,ridge_alpha_1.0,,,,,,,,,0.93812448047926,1.43260329122116,256,3.044550395275959,2.7401652336120605,-0.21636962890625,-0.7111002802848816,"{'alpha': 1.0, 'copy_X': True, 'fit_intercept': True, 'max_iter': None, 'positive': False, 'random_state': None, 'solver': 'auto', 'tol': 0.0001}",,,,,,,,,,,,,
mordred__brics_gnn,ridge,External,not_all6_bad,2,ridge_alpha_1.0,,,,,,,,,0.93812448047926,1.43260329122116,1995,1.0612583759458094,0.7899121642112732,0.6782524585723877,-0.0743059143424034,"{'alpha': 1.0, 'copy_X': True, 'fit_intercept': True, 'max_iter': None, 'positive': False, 'random_state': None, 'solver': 'auto', 'tol': 0.0001}",,,,,,,,,,,,,
mordred__brics_gnn,knn_svm,Train,all,2,KNeighborsRegressor,,,,,,,,,0.9962353469786216,1.3734039189708165,6437,2.316372479091511e-07,1.507464050224309e-07,0.99999999999999,1.0475623242032425e-08,,,,,,,,,,,sklearn_knn,5.0,distance,euclidean
mordred__brics_gnn,knn_svm,Train,not_all6_bad,2,KNeighborsRegressor,,,,,,,,,0.9962353469786216,1.3734039189708165,6437,2.316372479091511e-07,1.507464050224309e-07,0.99999999999999,1.0475623242032425e-08,,,,,,,,,,,sklearn_knn,5.0,distance,euclidean
mordred__brics_gnn,knn_svm,Val,all,2,KNeighborsRegressor,,,,,,,,,0.9962353469786216,1.3734039189708165,1610,0.9962353469786216,0.7115771901063115,0.812944268202214,0.0172643835302654,,,,,,,,,,,sklearn_knn,5.0,distance,euclidean
mordred__brics_gnn,knn_svm,Val,all6_bad,2,KNeighborsRegressor,,,,,,,,,0.9962353469786216,1.3734039189708165,74,2.328471579262596,2.1424001916077464,0.4755734107866814,-0.3072898258899114,,,,,,,,,,,sklearn_knn,5.0,distance,euclidean
mordred__brics_gnn,knn_svm,Val,not_all6_bad,2,KNeighborsRegressor,,,,,,,,,0.9962353469786216,1.3734039189708165,1536,0.882663214853838,0.6426443111277266,0.8460162696461293,0.0329004587236854,,,,,,,,,,,sklearn_knn,5.0,distance,euclidean
mordred__brics_gnn,knn_svm,External,all,2,KNeighborsRegressor,,,,,,,,,0.9962353469786216,1.3734039189708165,2251,1.3734039189708165,0.9197535066626118,0.5269116987822626,-0.0625786066294268,,,,,,,,,,,sklearn_knn,5.0,distance,euclidean
mordred__brics_gnn,knn_svm,External,all6_bad,2,KNeighborsRegressor,,,,,,,,,0.9962353469786216,1.3734039189708165,256,3.092662005263556,2.742386815558419,-0.2551168218438888,-0.7785900259360548,,,,,,,,,,,sklearn_knn,5.0,distance,euclidean
mordred__brics_gnn,knn_svm,External,not_all6_bad,2,KNeighborsRegressor,,,,,,,,,0.9962353469786216,1.3734039189708165,1995,0.9491839390107466,0.685871738704052,0.7426206289761433,0.0293005529407469,,,,,,,,,,,sklearn_knn,5.0,distance,euclidean
mordred__murcko_gnn,xgb,Train,all,2,XGBRegressor,800.0,5.0,0.0796847994222433,1.0,0.85,6.0,0.01,5.0,0.8761458387515852,1.3176775037855597,6437,0.1769731590264696,0.1268563866615295,0.994122326374054,0.0001315292756771,,,,,,,,,,,,,,
mordred__murcko_gnn,xgb,Train,not_all6_bad,2,XGBRegressor,800.0,5.0,0.0796847994222433,1.0,0.85,6.0,0.01,5.0,0.8761458387515852,1.3176775037855597,6437,0.1769731590264696,0.1268563866615295,0.994122326374054,0.0001315292756771,,,,,,,,,,,,,,
mordred__murcko_gnn,xgb,Val,all,2,XGBRegressor,800.0,5.0,0.0796847994222433,1.0,0.85,6.0,0.01,5.0,0.8761458387515852,1.3176775037855597,1610,0.8761458387515852,0.61833655834198,0.8553228378295898,-0.0287564359605312,,,,,,,,,,,,,,
mordred__murcko_gnn,xgb,Val,all6_bad,2,XGBRegressor,800.0,5.0,0.0796847994222433,1.0,0.85,6.0,0.01,5.0,0.8761458387515852,1.3176775037855597,74,2.4080452105374666,2.2186942100524902,0.4391171932220459,-0.3382666707038879,,,,,,,,,,,,,,
mordred__murcko_gnn,xgb,Val,not_all6_bad,2,XGBRegressor,800.0,5.0,0.0796847994222433,1.0,0.85,6.0,0.01,5.0,0.8761458387515852,1.3176775037855597,1536,0.7247414687023982,0.5412359833717346,0.8961871862411499,-0.0138451382517814,,,,,,,,,,,,,,
mordred__murcko_gnn,xgb,External,all,2,XGBRegressor,800.0,5.0,0.0796847994222433,1.0,0.85,6.0,0.01,5.0,0.8761458387515852,1.3176775037855597,2251,1.3176775037855597,0.8681879639625549,0.5645243525505066,-0.1146722584962844,,,,,,,,,,,,,,
mordred__murcko_gnn,xgb,External,all6_bad,2,XGBRegressor,800.0,5.0,0.0796847994222433,1.0,0.85,6.0,0.01,5.0,0.8761458387515852,1.3176775037855597,256,3.1296932835556426,2.82345986366272,-0.2853540182113647,-0.8567149639129639,,,,,,,,,,,,,,
mordred__murcko_gnn,xgb,External,not_all6_bad,2,XGBRegressor,800.0,5.0,0.0796847994222433,1.0,0.85,6.0,0.01,5.0,0.8761458387515852,1.3176775037855597,1995,0.8379584153857711,0.6172860264778137,0.7994059920310974,-0.0194527637213468,,,,,,,,,,,,,,
mordred__murcko_gnn,rf,Train,all,6,ExtraTreesRegressor,,,,,,,,,0.8924061162875901,1.331307008971547,6437,0.1192613748205426,0.0565872335102001,0.9973307413799448,1.531579999793598e-17,"{'bootstrap': False, 'ccp_alpha': 0.0, 'criterion': 'squared_error', 'max_depth': None, 'max_features': 0.4, 'max_leaf_nodes': None, 'max_samples': None, 'min_impurity_decrease': 0.0, 'min_samples_leaf': 2, 'min_samples_split': 2, 'min_weight_fraction_leaf': 0.0, 'monotonic_cst': None, 'n_estimators': 250, 'n_jobs': -1, 'oob_score': False, 'random_state': 264749, 'verbose': 0, 'warm_start': False}",,,,,,,,,,,,,
mordred__murcko_gnn,rf,Train,not_all6_bad,6,ExtraTreesRegressor,,,,,,,,,0.8924061162875901,1.331307008971547,6437,0.1192613748205426,0.0565872335102001,0.9973307413799448,1.531579999793598e-17,"{'bootstrap': False, 'ccp_alpha': 0.0, 'criterion': 'squared_error', 'max_depth': None, 'max_features': 0.4, 'max_leaf_nodes': None, 'max_samples': None, 'min_impurity_decrease': 0.0, 'min_samples_leaf': 2, 'min_samples_split': 2, 'min_weight_fraction_leaf': 0.0, 'monotonic_cst': None, 'n_estimators': 250, 'n_jobs': -1, 'oob_score': False, 'random_state': 264749, 'verbose': 0, 'warm_start': False}",,,,,,,,,,,,,
mordred__murcko_gnn,rf,Val,all,6,ExtraTreesRegressor,,,,,,,,,0.8924061162875901,1.331307008971547,1610,0.8924061162875901,0.6317481791283722,0.8499029338633396,-0.0273152000420537,"{'bootstrap': False, 'ccp_alpha': 0.0, 'criterion': 'squared_error', 'max_depth': None, 'max_features': 0.4, 'max_leaf_nodes': None, 'max_samples': None, 'min_impurity_decrease': 0.0, 'min_samples_leaf': 2, 'min_samples_split': 2, 'min_weight_fraction_leaf': 0.0, 'monotonic_cst': None, 'n_estimators': 250, 'n_jobs': -1, 'oob_score': False, 'random_state': 264749, 'verbose': 0, 'warm_start': False}",,,,,,,,,,,,,
mordred__murcko_gnn,rf,Val,all6_bad,6,ExtraTreesRegressor,,,,,,,,,0.8924061162875901,1.331307008971547,74,2.359959138858581,2.185596716851323,0.4612940316333723,-0.288139341423137,"{'bootstrap': False, 'ccp_alpha': 0.0, 'criterion': 'squared_error', 'max_depth': None, 'max_features': 0.4, 'max_leaf_nodes': None, 'max_samples': None, 'min_impurity_decrease': 0.0, 'min_samples_leaf': 2, 'min_samples_split': 2, 'min_weight_fraction_leaf': 0.0, 'monotonic_cst': None, 'n_estimators': 250, 'n_jobs': -1, 'oob_score': False, 'random_state': 264749, 'verbose': 0, 'warm_start': False}",,,,,,,,,,,,,
mordred__murcko_gnn,rf,Val,not_all6_bad,6,ExtraTreesRegressor,,,,,,,,,0.8924061162875901,1.331307008971547,1536,0.7526211319482572,0.5568882886391154,0.888046520090439,-0.0147494536473921,"{'bootstrap': False, 'ccp_alpha': 0.0, 'criterion': 'squared_error', 'max_depth': None, 'max_features': 0.4, 'max_leaf_nodes': None, 'max_samples': None, 'min_impurity_decrease': 0.0, 'min_samples_leaf': 2, 'min_samples_split': 2, 'min_weight_fraction_leaf': 0.0, 'monotonic_cst': None, 'n_estimators': 250, 'n_jobs': -1, 'oob_score': False, 'random_state': 264749, 'verbose': 0, 'warm_start': False}",,,,,,,,,,,,,
mordred__murcko_gnn,rf,External,all,6,ExtraTreesRegressor,,,,,,,,,0.8924061162875901,1.331307008971547,2251,1.331307008971547,0.8719308922458322,0.555468970822893,-0.1232548787589523,"{'bootstrap': False, 'ccp_alpha': 0.0, 'criterion': 'squared_error', 'max_depth': None, 'max_features': 0.4, 'max_leaf_nodes': None, 'max_samples': None, 'min_impurity_decrease': 0.0, 'min_samples_leaf': 2, 'min_samples_split': 2, 'min_weight_fraction_leaf': 0.0, 'monotonic_cst': None, 'n_estimators': 250, 'n_jobs': -1, 'oob_score': False, 'random_state': 264749, 'verbose': 0, 'warm_start': False}",,,,,,,,,,,,,
mordred__murcko_gnn,rf,External,all6_bad,6,ExtraTreesRegressor,,,,,,,,,0.8924061162875901,1.331307008971547,256,3.17355851335261,2.867887795845854,-0.3216371958774178,-0.8763061949056736,"{'bootstrap': False, 'ccp_alpha': 0.0, 'criterion': 'squared_error', 'max_depth': None, 'max_features': 0.4, 'max_leaf_nodes': None, 'max_samples': None, 'min_impurity_decrease': 0.0, 'min_samples_leaf': 2, 'min_samples_split': 2, 'min_weight_fraction_leaf': 0.0, 'monotonic_cst': None, 'n_estimators': 250, 'n_jobs': -1, 'oob_score': False, 'random_state': 264749, 'verbose': 0, 'warm_start': False}",,,,,,,,,,,,,
mordred__murcko_gnn,rf,External,not_all6_bad,6,ExtraTreesRegressor,,,,,,,,,0.8924061162875901,1.331307008971547,1995,0.8410896439623787,0.6158081016084358,0.797904080568414,-0.0266227299200749,"{'bootstrap': False, 'ccp_alpha': 0.0, 'criterion': 'squared_error', 'max_depth': None, 'max_features': 0.4, 'max_leaf_nodes': None, 'max_samples': None, 'min_impurity_decrease': 0.0, 'min_samples_leaf': 2, 'min_samples_split': 2, 'min_weight_fraction_leaf': 0.0, 'monotonic_cst': None, 'n_estimators': 250, 'n_jobs': -1, 'oob_score': False, 'random_state': 264749, 'verbose': 0, 'warm_start': False}",,,,,,,,,,,,,
mordred__murcko_gnn,mlp,Train,all,4,TorchMLP,,,,,,,,,0.8575238490889256,1.3492193914521269,6437,0.5345083895614562,0.3855603635311126,0.94638329744339,-0.0390569902956485,,384.0,3.0,0.0,0.0003667919680659,0.0005396585163509,512.0,220.0,34.0,cuda:0,,,,
mordred__murcko_gnn,mlp,Train,not_all6_bad,4,TorchMLP,,,,,,,,,0.8575238490889256,1.3492193914521269,6437,0.5345083895614562,0.3855603635311126,0.94638329744339,-0.0390569902956485,,384.0,3.0,0.0,0.0003667919680659,0.0005396585163509,512.0,220.0,34.0,cuda:0,,,,
mordred__murcko_gnn,mlp,Val,all,4,TorchMLP,,,,,,,,,0.8575238490889256,1.3492193914521269,1610,0.8575238490889256,0.6098130941390991,0.8614075183868408,-0.0537501350045204,,384.0,3.0,0.0,0.0003667919680659,0.0005396585163509,512.0,220.0,34.0,cuda:0,,,,
mordred__murcko_gnn,mlp,Val,all6_bad,4,TorchMLP,,,,,,,,,0.8575238490889256,1.3492193914521269,74,2.2393019980036053,2.050560712814331,0.5149704217910767,-0.3397463858127594,,384.0,3.0,0.0,0.0003667919680659,0.0005396585163509,512.0,220.0,34.0,cuda:0,,,,
mordred__murcko_gnn,mlp,Val,not_all6_bad,4,TorchMLP,,,,,,,,,0.8575238490889256,1.3492193914521269,1536,0.7274553698847117,0.5404020547866821,0.8954082131385803,-0.0399716757237911,,384.0,3.0,0.0,0.0003667919680659,0.0005396585163509,512.0,220.0,34.0,cuda:0,,,,
mordred__murcko_gnn,mlp,External,all,4,TorchMLP,,,,,,,,,0.8575238490889256,1.3492193914521269,2251,1.3492193914521269,0.9071683287620544,0.5434263944625854,-0.1898405402898788,,384.0,3.0,0.0,0.0003667919680659,0.0005396585163509,512.0,220.0,34.0,cuda:0,,,,
mordred__murcko_gnn,mlp,External,all6_bad,4,TorchMLP,,,,,,,,,0.8575238490889256,1.3492193914521269,256,3.082880983592552,2.8102240562438965,-0.2471903562545776,-0.8557051420211792,,384.0,3.0,0.0,0.0003667919680659,0.0005396585163509,512.0,220.0,34.0,cuda:0,,,,
mordred__murcko_gnn,mlp,External,not_all6_bad,4,TorchMLP,,,,,,,,,0.8575238490889256,1.3492193914521269,1995,0.913458469710041,0.6629666090011597,0.7616305351257324,-0.1043962761759758,,384.0,3.0,0.0,0.0003667919680659,0.0005396585163509,512.0,220.0,34.0,cuda:0,,,,
mordred__murcko_gnn,ridge,Train,all,2,ridge_alpha_1.0,,,,,,,,,0.9377177621338716,1.4498135973062896,6437,0.7543790056427276,0.5599534511566162,0.8932002782821655,7.152927992137847e-07,"{'alpha': 1.0, 'copy_X': True, 'fit_intercept': True, 'max_iter': None, 'positive': False, 'random_state': None, 'solver': 'auto', 'tol': 0.0001}",,,,,,,,,,,,,
mordred__murcko_gnn,ridge,Train,not_all6_bad,2,ridge_alpha_1.0,,,,,,,,,0.9377177621338716,1.4498135973062896,6437,0.7543790056427276,0.5599534511566162,0.8932002782821655,7.152927992137847e-07,"{'alpha': 1.0, 'copy_X': True, 'fit_intercept': True, 'max_iter': None, 'positive': False, 'random_state': None, 'solver': 'auto', 'tol': 0.0001}",,,,,,,,,,,,,
mordred__murcko_gnn,ridge,Val,all,2,ridge_alpha_1.0,,,,,,,,,0.9377177621338716,1.4498135973062896,1610,0.9377177621338716,0.6918097734451294,0.8342736959457397,-0.0276108924299478,"{'alpha': 1.0, 'copy_X': True, 'fit_intercept': True, 'max_iter': None, 'positive': False, 'random_state': None, 'solver': 'auto', 'tol': 0.0001}",,,,,,,,,,,,,
mordred__murcko_gnn,ridge,Val,all6_bad,2,ridge_alpha_1.0,,,,,,,,,0.9377177621338716,1.4498135973062896,74,2.2482894117035013,2.050856351852417,0.5110692977905273,-0.370944619178772,"{'alpha': 1.0, 'copy_X': True, 'fit_intercept': True, 'max_iter': None, 'positive': False, 'random_state': None, 'solver': 'auto', 'tol': 0.0001}",,,,,,,,,,,,,
mordred__murcko_gnn,ridge,Val,not_all6_bad,2,ridge_alpha_1.0,,,,,,,,,0.9377177621338716,1.4498135973062896,1536,0.8234996099048425,0.6263349056243896,0.8659670352935791,-0.0110700754448771,"{'alpha': 1.0, 'copy_X': True, 'fit_intercept': True, 'max_iter': None, 'positive': False, 'random_state': None, 'solver': 'auto', 'tol': 0.0001}",,,,,,,,,,,,,
mordred__murcko_gnn,ridge,External,all,2,ridge_alpha_1.0,,,,,,,,,0.9377177621338716,1.4498135973062896,2251,1.4498135973062896,1.0079847574234009,0.4728066325187683,-0.2245512455701828,"{'alpha': 1.0, 'copy_X': True, 'fit_intercept': True, 'max_iter': None, 'positive': False, 'random_state': None, 'solver': 'auto', 'tol': 0.0001}",,,,,,,,,,,,,
mordred__murcko_gnn,ridge,External,all6_bad,2,ridge_alpha_1.0,,,,,,,,,0.9377177621338716,1.4498135973062896,256,3.11394069680333,2.811838865280152,-0.2724475860595703,-0.8626616597175598,"{'alpha': 1.0, 'copy_X': True, 'fit_intercept': True, 'max_iter': None, 'positive': False, 'random_state': None, 'solver': 'auto', 'tol': 0.0001}",,,,,,,,,,,,,
mordred__murcko_gnn,ridge,External,not_all6_bad,2,ridge_alpha_1.0,,,,,,,,,0.9377177621338716,1.4498135973062896,1995,1.0617935412564183,0.7765126824378967,0.6779278516769409,-0.1426684111356735,"{'alpha': 1.0, 'copy_X': True, 'fit_intercept': True, 'max_iter': None, 'positive': False, 'random_state': None, 'solver': 'auto', 'tol': 0.0001}",,,,,,,,,,,,,
mordred__murcko_gnn,knn_svm,Train,all,7,KNeighborsRegressor,,,,,,,,,0.9986986496787994,1.347160685747789,6437,0.002013037280571,4.100504530808173e-05,0.9999992395079704,-1.1642653473660279e-07,,,,,,,,,,,sklearn_knn,20.0,distance,cosine
mordred__murcko_gnn,knn_svm,Train,not_all6_bad,7,KNeighborsRegressor,,,,,,,,,0.9986986496787994,1.347160685747789,6437,0.002013037280571,4.100504530808173e-05,0.9999992395079704,-1.1642653473660279e-07,,,,,,,,,,,sklearn_knn,20.0,distance,cosine
mordred__murcko_gnn,knn_svm,Val,all,7,KNeighborsRegressor,,,,,,,,,0.9986986496787994,1.347160685747789,1610,0.9986986496787994,0.7119101611088949,0.8120180923759864,-0.0294278241134312,,,,,,,,,,,sklearn_knn,20.0,distance,cosine
mordred__murcko_gnn,knn_svm,Val,all6_bad,7,KNeighborsRegressor,,,,,,,,,0.9986986496787994,1.347160685747789,74,2.496949659260139,2.267553880231808,0.396937403166301,-0.5203487827014681,,,,,,,,,,,sklearn_knn,20.0,distance,cosine
mordred__murcko_gnn,knn_svm,Val,not_all6_bad,7,KNeighborsRegressor,,,,,,,,,0.9986986496787994,1.347160685747789,1536,0.863179199683156,0.6369637840157338,0.8527393496679077,-0.0057766841814554,,,,,,,,,,,sklearn_knn,20.0,distance,cosine
mordred__murcko_gnn,knn_svm,External,all,7,KNeighborsRegressor,,,,,,,,,0.9986986496787994,1.347160685747789,2251,1.347160685747789,0.9065443076195686,0.5448186655480194,-0.1042646776562156,,,,,,,,,,,sklearn_knn,20.0,distance,cosine
mordred__murcko_gnn,knn_svm,External,all6_bad,7,KNeighborsRegressor,,,,,,,,,0.9986986496787994,1.347160685747789,256,3.135240584972986,2.768501387033212,-0.2899146560323713,-0.9159083770273356,,,,,,,,,,,sklearn_knn,20.0,distance,cosine
mordred__murcko_gnn,knn_svm,External,not_all6_bad,7,KNeighborsRegressor,,,,,,,,,0.9986986496787994,1.347160685747789,1995,0.8867720076396476,0.6676164818902991,0.7753549134078555,-0.0001139072105982,,,,,,,,,,,sklearn_knn,20.0,distance,cosine
mordred__three_d_gnn,xgb,Train,all,2,XGBRegressor,300.0,6.0,0.1062243058265488,0.7,0.45,1.0,0.001,1.0,0.8482255913404045,1.3585983337711094,6437,0.0836011549085315,0.0651473030447959,0.9986883401870728,5.707171294488944e-05,,,,,,,,,,,,,,
mordred__three_d_gnn,xgb,Train,not_all6_bad,2,XGBRegressor,300.0,6.0,0.1062243058265488,0.7,0.45,1.0,0.001,1.0,0.8482255913404045,1.3585983337711094,6437,0.0836011549085315,0.0651473030447959,0.9986883401870728,5.707171294488944e-05,,,,,,,,,,,,,,
mordred__three_d_gnn,xgb,Val,all,2,XGBRegressor,300.0,6.0,0.1062243058265488,0.7,0.45,1.0,0.001,1.0,0.8482255913404045,1.3585983337711094,1610,0.8482255913404045,0.589267373085022,0.8643968105316162,-0.0113859958946704,,,,,,,,,,,,,,
mordred__three_d_gnn,xgb,Val,all6_bad,2,XGBRegressor,300.0,6.0,0.1062243058265488,0.7,0.45,1.0,0.001,1.0,0.8482255913404045,1.3585983337711094,74,2.375796034069783,2.1180732250213623,0.4540395736694336,-0.2571062743663788,,,,,,,,,,,,,,
mordred__three_d_gnn,xgb,Val,not_all6_bad,2,XGBRegressor,300.0,6.0,0.1062243058265488,0.7,0.45,1.0,0.001,1.0,0.8482255913404045,1.3585983337711094,1536,0.6944194587875089,0.5156139731407166,0.9046921730041504,0.0004520913062151,,,,,,,,,,,,,,
mordred__three_d_gnn,xgb,External,all,2,XGBRegressor,300.0,6.0,0.1062243058265488,0.7,0.45,1.0,0.001,1.0,0.8482255913404045,1.3585983337711094,2251,1.3585983337711094,0.908416986465454,0.5370566844940186,-0.2085615694522857,,,,,,,,,,,,,,
mordred__three_d_gnn,xgb,External,all6_bad,2,XGBRegressor,300.0,6.0,0.1062243058265488,0.7,0.45,1.0,0.001,1.0,0.8482255913404045,1.3585983337711094,256,3.108843734058206,2.7999656200408936,-0.2682853937149048,-0.8214911222457886,,,,,,,,,,,,,,
mordred__three_d_gnn,xgb,External,not_all6_bad,2,XGBRegressor,300.0,6.0,0.1062243058265488,0.7,0.45,1.0,0.001,1.0,0.8482255913404045,1.3585983337711094,1995,0.9178419634330928,0.6656919121742249,0.759337306022644,-0.1299099773168563,,,,,,,,,,,,,,
mordred__three_d_gnn,rf,Train,all,4,ExtraTreesRegressor,,,,,,,,,0.8682290355938782,1.388544977851386,6437,0.1070795965866716,0.0540958965367874,0.9978481872146924,-1.3798018016158542e-19,"{'bootstrap': False, 'ccp_alpha': 0.0, 'criterion': 'squared_error', 'max_depth': 22, 'max_features': 'sqrt', 'max_leaf_nodes': None, 'max_samples': None, 'min_impurity_decrease': 0.0, 'min_samples_leaf': 2, 'min_samples_split': 2, 'min_weight_fraction_leaf': 0.0, 'monotonic_cst': None, 'n_estimators': 400, 'n_jobs': -1, 'oob_score': False, 'random_state': 265747, 'verbose': 0, 'warm_start': False}",,,,,,,,,,,,,
mordred__three_d_gnn,rf,Train,not_all6_bad,4,ExtraTreesRegressor,,,,,,,,,0.8682290355938782,1.388544977851386,6437,0.1070795965866716,0.0540958965367874,0.9978481872146924,-1.3798018016158542e-19,"{'bootstrap': False, 'ccp_alpha': 0.0, 'criterion': 'squared_error', 'max_depth': 22, 'max_features': 'sqrt', 'max_leaf_nodes': None, 'max_samples': None, 'min_impurity_decrease': 0.0, 'min_samples_leaf': 2, 'min_samples_split': 2, 'min_weight_fraction_leaf': 0.0, 'monotonic_cst': None, 'n_estimators': 400, 'n_jobs': -1, 'oob_score': False, 'random_state': 265747, 'verbose': 0, 'warm_start': False}",,,,,,,,,,,,,
mordred__three_d_gnn,rf,Val,all,4,ExtraTreesRegressor,,,,,,,,,0.8682290355938782,1.388544977851386,1610,0.8682290355938782,0.6059751467825267,0.8579256302254545,-0.0323931836896858,"{'bootstrap': False, 'ccp_alpha': 0.0, 'criterion': 'squared_error', 'max_depth': 22, 'max_features': 'sqrt', 'max_leaf_nodes': None, 'max_samples': None, 'min_impurity_decrease': 0.0, 'min_samples_leaf': 2, 'min_samples_split': 2, 'min_weight_fraction_leaf': 0.0, 'monotonic_cst': None, 'n_estimators': 400, 'n_jobs': -1, 'oob_score': False, 'random_state': 265747, 'verbose': 0, 'warm_start': False}",,,,,,,,,,,,,
mordred__three_d_gnn,rf,Val,all6_bad,4,ExtraTreesRegressor,,,,,,,,,0.8682290355938782,1.388544977851386,74,2.414923294308431,2.172212994388384,0.4359085701872942,-0.2828473004310005,"{'bootstrap': False, 'ccp_alpha': 0.0, 'criterion': 'squared_error', 'max_depth': 22, 'max_features': 'sqrt', 'max_leaf_nodes': None, 'max_samples': None, 'min_impurity_decrease': 0.0, 'min_samples_leaf': 2, 'min_samples_split': 2, 'min_weight_fraction_leaf': 0.0, 'monotonic_cst': None, 'n_estimators': 400, 'n_jobs': -1, 'oob_score': False, 'random_state': 265747, 'verbose': 0, 'warm_start': False}",,,,,,,,,,,,,
mordred__three_d_gnn,rf,Val,not_all6_bad,4,ExtraTreesRegressor,,,,,,,,,0.8682290355938782,1.388544977851386,1536,0.713566287056663,0.5305183754785987,0.8993639857940026,-0.0203270348362631,"{'bootstrap': False, 'ccp_alpha': 0.0, 'criterion': 'squared_error', 'max_depth': 22, 'max_features': 'sqrt', 'max_leaf_nodes': None, 'max_samples': None, 'min_impurity_decrease': 0.0, 'min_samples_leaf': 2, 'min_samples_split': 2, 'min_weight_fraction_leaf': 0.0, 'monotonic_cst': None, 'n_estimators': 400, 'n_jobs': -1, 'oob_score': False, 'random_state': 265747, 'verbose': 0, 'warm_start': False}",,,,,,,,,,,,,
mordred__three_d_gnn,rf,External,all,4,ExtraTreesRegressor,,,,,,,,,0.8682290355938782,1.388544977851386,2251,1.388544977851386,0.9413112087325204,0.5164230985891597,-0.2402227162777918,"{'bootstrap': False, 'ccp_alpha': 0.0, 'criterion': 'squared_error', 'max_depth': 22, 'max_features': 'sqrt', 'max_leaf_nodes': None, 'max_samples': None, 'min_impurity_decrease': 0.0, 'min_samples_leaf': 2, 'min_samples_split': 2, 'min_weight_fraction_leaf': 0.0, 'monotonic_cst': None, 'n_estimators': 400, 'n_jobs': -1, 'oob_score': False, 'random_state': 265747, 'verbose': 0, 'warm_start': False}",,,,,,,,,,,,,
mordred__three_d_gnn,rf,External,all6_bad,4,ExtraTreesRegressor,,,,,,,,,0.8682290355938782,1.388544977851386,256,3.1340793233569992,2.8388577677094187,-0.2889592901339353,-0.8380369832073659,"{'bootstrap': False, 'ccp_alpha': 0.0, 'criterion': 'squared_error', 'max_depth': 22, 'max_features': 'sqrt', 'max_leaf_nodes': None, 'max_samples': None, 'min_impurity_decrease': 0.0, 'min_samples_leaf': 2, 'min_samples_split': 2, 'min_weight_fraction_leaf': 0.0, 'monotonic_cst': None, 'n_estimators': 400, 'n_jobs': -1, 'oob_score': False, 'random_state': 265747, 'verbose': 0, 'warm_start': False}",,,,,,,,,,,,,
mordred__three_d_gnn,rf,External,not_all6_bad,4,ExtraTreesRegressor,,,,,,,,,0.8682290355938782,1.388544977851386,1995,0.9565782367842744,0.697816512442753,0.7385949548869805,-0.1635107100953501,"{'bootstrap': False, 'ccp_alpha': 0.0, 'criterion': 'squared_error', 'max_depth': 22, 'max_features': 'sqrt', 'max_leaf_nodes': None, 'max_samples': None, 'min_impurity_decrease': 0.0, 'min_samples_leaf': 2, 'min_samples_split': 2, 'min_weight_fraction_leaf': 0.0, 'monotonic_cst': None, 'n_estimators': 400, 'n_jobs': -1, 'oob_score': False, 'random_state': 265747, 'verbose': 0, 'warm_start': False}",,,,,,,,,,,,,
mordred__three_d_gnn,mlp,Train,all,5,TorchMLP,,,,,,,,,0.8427448997218747,1.3400982317575016,6437,0.226621159819245,0.161260187625885,0.9903618693351746,0.0361098311841487,,384.0,2.0,0.2,0.0003941306718297,5.4460423267305935e-06,128.0,220.0,55.0,cuda:0,,,,
mordred__three_d_gnn,mlp,Train,not_all6_bad,5,TorchMLP,,,,,,,,,0.8427448997218747,1.3400982317575016,6437,0.226621159819245,0.161260187625885,0.9903618693351746,0.0361098311841487,,384.0,2.0,0.2,0.0003941306718297,5.4460423267305935e-06,128.0,220.0,55.0,cuda:0,,,,
mordred__three_d_gnn,mlp,Val,all,5,TorchMLP,,,,,,,,,0.8427448997218747,1.3400982317575016,1610,0.8427448997218747,0.5860437154769897,0.866143524646759,0.0316481217741966,,384.0,2.0,0.2,0.0003941306718297,5.4460423267305935e-06,128.0,220.0,55.0,cuda:0,,,,
mordred__three_d_gnn,mlp,Val,all6_bad,5,TorchMLP,,,,,,,,,0.8427448997218747,1.3400982317575016,74,2.347279548571982,2.124082565307617,0.4670671224594116,-0.2603978812694549,,384.0,2.0,0.2,0.0003941306718297,5.4460423267305935e-06,128.0,220.0,55.0,cuda:0,,,,
mordred__three_d_gnn,mlp,Val,not_all6_bad,5,TorchMLP,,,,,,,,,0.8427448997218747,1.3400982317575016,1536,0.6920931577434943,0.5119454264640808,0.9053296446800232,0.0457180552184581,,384.0,2.0,0.2,0.0003941306718297,5.4460423267305935e-06,128.0,220.0,55.0,cuda:0,,,,
mordred__three_d_gnn,mlp,External,all,5,TorchMLP,,,,,,,,,0.8427448997218747,1.3400982317575016,2251,1.3400982317575016,0.9001954793930054,0.5495787262916565,-0.1640182137489318,,384.0,2.0,0.2,0.0003941306718297,5.4460423267305935e-06,128.0,220.0,55.0,cuda:0,,,,
mordred__three_d_gnn,mlp,External,all6_bad,5,TorchMLP,,,,,,,,,0.8427448997218747,1.3400982317575016,256,3.0813134424824025,2.794853925704956,-0.2459223270416259,-0.7805398106575012,,384.0,2.0,0.2,0.0003941306718297,5.4460423267305935e-06,128.0,220.0,55.0,cuda:0,,,,
mordred__three_d_gnn,mlp,External,not_all6_bad,5,TorchMLP,,,,,,,,,0.8427448997218747,1.3400982317575016,1995,0.8988710103917881,0.6570714116096497,0.7691830396652222,-0.084905669093132,,384.0,2.0,0.2,0.0003941306718297,5.4460423267305935e-06,128.0,220.0,55.0,cuda:0,,,,
mordred__three_d_gnn,ridge,Train,all,1,ridge_alpha_0.1,,,,,,,,,0.9203819533664,2.340478877763758,6437,0.50989542510731,0.3819490075111389,0.9512074589729308,-8.776707431934483e-07,"{'alpha': 0.1, 'copy_X': True, 'fit_intercept': True, 'max_iter': None, 'positive': False, 'random_state': None, 'solver': 'auto', 'tol': 0.0001}",,,,,,,,,,,,,
mordred__three_d_gnn,ridge,Train,not_all6_bad,1,ridge_alpha_0.1,,,,,,,,,0.9203819533664,2.340478877763758,6437,0.50989542510731,0.3819490075111389,0.9512074589729308,-8.776707431934483e-07,"{'alpha': 0.1, 'copy_X': True, 'fit_intercept': True, 'max_iter': None, 'positive': False, 'random_state': None, 'solver': 'auto', 'tol': 0.0001}",,,,,,,,,,,,,
mordred__three_d_gnn,ridge,Val,all,1,ridge_alpha_0.1,,,,,,,,,0.9203819533664,2.340478877763758,1610,0.9203819533664,0.6770392656326294,0.8403447270393372,-0.0268001202493906,"{'alpha': 0.1, 'copy_X': True, 'fit_intercept': True, 'max_iter': None, 'positive': False, 'random_state': None, 'solver': 'auto', 'tol': 0.0001}",,,,,,,,,,,,,
mordred__three_d_gnn,ridge,Val,all6_bad,1,ridge_alpha_0.1,,,,,,,,,0.9203819533664,2.340478877763758,74,2.2766751965111176,2.009159803390503,0.4986454248428345,-0.2962074875831604,"{'alpha': 0.1, 'copy_X': True, 'fit_intercept': True, 'max_iter': None, 'positive': False, 'random_state': None, 'solver': 'auto', 'tol': 0.0001}",,,,,,,,,,,,,
mordred__three_d_gnn,ridge,Val,not_all6_bad,1,ridge_alpha_0.1,,,,,,,,,0.9203819533664,2.340478877763758,1536,0.7988742358043336,0.6128615736961365,0.8738632202148438,-0.0138208633288741,"{'alpha': 0.1, 'copy_X': True, 'fit_intercept': True, 'max_iter': None, 'positive': False, 'random_state': None, 'solver': 'auto', 'tol': 0.0001}",,,,,,,,,,,,,
mordred__three_d_gnn,ridge,External,all,1,ridge_alpha_0.1,,,,,,,,,0.9203819533664,2.340478877763758,2251,2.340478877763758,1.195294737815857,-0.3738998174667358,-0.2370886355638504,"{'alpha': 0.1, 'copy_X': True, 'fit_intercept': True, 'max_iter': None, 'positive': False, 'random_state': None, 'solver': 'auto', 'tol': 0.0001}",,,,,,,,,,,,,
mordred__three_d_gnn,ridge,External,all6_bad,1,ridge_alpha_0.1,,,,,,,,,0.9203819533664,2.340478877763758,256,3.183363081175598,2.859428882598877,-0.3298161029815674,-0.63939368724823,"{'alpha': 0.1, 'copy_X': True, 'fit_intercept': True, 'max_iter': None, 'positive': False, 'random_state': None, 'solver': 'auto', 'tol': 0.0001}",,,,,,,,,,,,,
mordred__three_d_gnn,ridge,External,not_all6_bad,1,ridge_alpha_0.1,,,,,,,,,0.9203819533664,2.340478877763758,1995,2.20915943264961,0.9817516803741456,-0.3942065238952636,-0.185464546084404,"{'alpha': 0.1, 'copy_X': True, 'fit_intercept': True, 'max_iter': None, 'positive': False, 'random_state': None, 'solver': 'auto', 'tol': 0.0001}",,,,,,,,,,,,,
mordred__three_d_gnn,knn_svm,Train,all,2,KNeighborsRegressor,,,,,,,,,0.9463384765071732,1.4499124924694284,6437,2.1692632532735958e-07,1.3928878523087258e-07,0.9999999999999912,-3.877606631899242e-09,,,,,,,,,,,sklearn_knn,5.0,distance,euclidean
mordred__three_d_gnn,knn_svm,Train,not_all6_bad,2,KNeighborsRegressor,,,,,,,,,0.9463384765071732,1.4499124924694284,6437,2.1692632532735958e-07,1.3928878523087258e-07,0.9999999999999912,-3.877606631899242e-09,,,,,,,,,,,sklearn_knn,5.0,distance,euclidean
mordred__three_d_gnn,knn_svm,Val,all,2,KNeighborsRegressor,,,,,,,,,0.9463384765071732,1.4499124924694284,1610,0.9463384765071732,0.66529970519904,0.831212561135067,-0.0537939944557487,,,,,,,,,,,sklearn_knn,5.0,distance,euclidean
mordred__three_d_gnn,knn_svm,Val,all6_bad,2,KNeighborsRegressor,,,,,,,,,0.9463384765071732,1.4499124924694284,74,2.382105143816787,2.0801701689413683,0.4511360914788699,-0.3577229117113169,,,,,,,,,,,sklearn_knn,5.0,distance,euclidean
mordred__three_d_gnn,knn_svm,Val,not_all6_bad,2,KNeighborsRegressor,,,,,,,,,0.9463384765071732,1.4499124924694284,1536,0.8156743043491678,0.5971353729614538,0.8685022434169594,-0.0391515856817174,,,,,,,,,,,sklearn_knn,5.0,distance,euclidean
mordred__three_d_gnn,knn_svm,External,all,2,KNeighborsRegressor,,,,,,,,,0.9463384765071732,1.4499124924694284,2251,1.4499124924694284,0.9725458316996471,0.4727346552920621,-0.1993615602808878,,,,,,,,,,,sklearn_knn,5.0,distance,euclidean
mordred__three_d_gnn,knn_svm,External,all6_bad,2,KNeighborsRegressor,,,,,,,,,0.9463384765071732,1.4499124924694284,256,3.2521694456237284,2.8758836817075317,-0.3879236082837036,-0.9200430652897666,,,,,,,,,,,sklearn_knn,5.0,distance,euclidean
mordred__three_d_gnn,knn_svm,External,not_all6_bad,2,KNeighborsRegressor,,,,,,,,,0.9463384765071732,1.4499124924694284,1995,1.0073775762726267,0.7283079923001392,0.7100937807821258,-0.106883131567969,,,,,,,,,,,sklearn_knn,5.0,distance,euclidean
ecfp__chemberta,xgb,Train,all,11,XGBRegressor,500.0,5.0,0.027626138674253,0.85,0.45,1.0,0.0,1.0,0.8755630997337059,1.3137875553937164,6437,0.2168346320600733,0.1690865606069564,0.9911763668060304,0.000122266166727,,,,,,,,,,,,,,
ecfp__chemberta,xgb,Train,not_all6_bad,11,XGBRegressor,500.0,5.0,0.027626138674253,0.85,0.45,1.0,0.0,1.0,0.8755630997337059,1.3137875553937164,6437,0.2168346320600733,0.1690865606069564,0.9911763668060304,0.000122266166727,,,,,,,,,,,,,,
ecfp__chemberta,xgb,Val,all,11,XGBRegressor,500.0,5.0,0.027626138674253,0.85,0.45,1.0,0.0,1.0,0.8755630997337059,1.3137875553937164,1610,0.8755630997337059,0.6092033386230469,0.8555152416229248,-0.0026963180862367,,,,,,,,,,,,,,
ecfp__chemberta,xgb,Val,all6_bad,11,XGBRegressor,500.0,5.0,0.027626138674253,0.85,0.45,1.0,0.0,1.0,0.8755630997337059,1.3137875553937164,74,2.494619492315008,2.308312177658081,0.3980624079704284,-0.4120745360851288,,,,,,,,,,,,,,
ecfp__chemberta,xgb,Val,not_all6_bad,11,XGBRegressor,500.0,5.0,0.027626138674253,0.85,0.45,1.0,0.0,1.0,0.8755630997337059,1.3137875553937164,1536,0.7097406058554757,0.5273452401161194,0.9004402160644531,0.0170263312757015,,,,,,,,,,,,,,
ecfp__chemberta,xgb,External,all,11,XGBRegressor,500.0,5.0,0.027626138674253,0.85,0.45,1.0,0.0,1.0,0.8755630997337059,1.3137875553937164,2251,1.3137875553937164,0.9039796590805054,0.567091703414917,-0.040904764086008,,,,,,,,,,,,,,
ecfp__chemberta,xgb,External,all6_bad,11,XGBRegressor,500.0,5.0,0.027626138674253,0.85,0.45,1.0,0.0,1.0,0.8755630997337059,1.3137875553937164,256,3.019687268567918,2.7537548542022705,-0.196583867073059,-0.6485955715179443,,,,,,,,,,,,,,
ecfp__chemberta,xgb,External,not_all6_bad,11,XGBRegressor,500.0,5.0,0.027626138674253,0.85,0.45,1.0,0.0,1.0,0.8755630997337059,1.3137875553937164,1995,0.88171977379574,0.6666149497032166,0.7779073715209961,0.0370746180415153,,,,,,,,,,,,,,
ecfp__chemberta,rf,Train,all,4,ExtraTreesRegressor,,,,,,,,,0.8772918423414727,1.302111939610156,6437,0.147677052782013,0.0969218536009122,0.9959072325970104,9.755198737424087e-17,"{'bootstrap': False, 'ccp_alpha': 0.0, 'criterion': 'squared_error', 'max_depth': 14, 'max_features': 0.4, 'max_leaf_nodes': None, 'max_samples': None, 'min_impurity_decrease': 0.0, 'min_samples_leaf': 4, 'min_samples_split': 2, 'min_weight_fraction_leaf': 0.0, 'monotonic_cst': None, 'n_estimators': 400, 'n_jobs': -1, 'oob_score': False, 'random_state': 266747, 'verbose': 0, 'warm_start': False}",,,,,,,,,,,,,
ecfp__chemberta,rf,Train,not_all6_bad,4,ExtraTreesRegressor,,,,,,,,,0.8772918423414727,1.302111939610156,6437,0.147677052782013,0.0969218536009122,0.9959072325970104,9.755198737424087e-17,"{'bootstrap': False, 'ccp_alpha': 0.0, 'criterion': 'squared_error', 'max_depth': 14, 'max_features': 0.4, 'max_leaf_nodes': None, 'max_samples': None, 'min_impurity_decrease': 0.0, 'min_samples_leaf': 4, 'min_samples_split': 2, 'min_weight_fraction_leaf': 0.0, 'monotonic_cst': None, 'n_estimators': 400, 'n_jobs': -1, 'oob_score': False, 'random_state': 266747, 'verbose': 0, 'warm_start': False}",,,,,,,,,,,,,
ecfp__chemberta,rf,Val,all,4,ExtraTreesRegressor,,,,,,,,,0.8772918423414727,1.302111939610156,1610,0.8772918423414727,0.6146336942712922,0.8549441296728797,-0.0030405593371031,"{'bootstrap': False, 'ccp_alpha': 0.0, 'criterion': 'squared_error', 'max_depth': 14, 'max_features': 0.4, 'max_leaf_nodes': None, 'max_samples': None, 'min_impurity_decrease': 0.0, 'min_samples_leaf': 4, 'min_samples_split': 2, 'min_weight_fraction_leaf': 0.0, 'monotonic_cst': None, 'n_estimators': 400, 'n_jobs': -1, 'oob_score': False, 'random_state': 266747, 'verbose': 0, 'warm_start': False}",,,,,,,,,,,,,
ecfp__chemberta,rf,Val,all6_bad,4,ExtraTreesRegressor,,,,,,,,,0.8772918423414727,1.302111939610156,74,2.500409382812624,2.329949597985947,0.395265062420533,-0.3541732481503519,"{'bootstrap': False, 'ccp_alpha': 0.0, 'criterion': 'squared_error', 'max_depth': 14, 'max_features': 0.4, 'max_leaf_nodes': None, 'max_samples': None, 'min_impurity_decrease': 0.0, 'min_samples_leaf': 4, 'min_samples_split': 2, 'min_weight_fraction_leaf': 0.0, 'monotonic_cst': None, 'n_estimators': 400, 'n_jobs': -1, 'oob_score': False, 'random_state': 266747, 'verbose': 0, 'warm_start': False}",,,,,,,,,,,,,
ecfp__chemberta,rf,Val,not_all6_bad,4,ExtraTreesRegressor,,,,,,,,,0.8772918423414727,1.302111939610156,1536,0.7109955280100172,0.5319947770350394,0.9000878005839966,0.0138759894729101,"{'bootstrap': False, 'ccp_alpha': 0.0, 'criterion': 'squared_error', 'max_depth': 14, 'max_features': 0.4, 'max_leaf_nodes': None, 'max_samples': None, 'min_impurity_decrease': 0.0, 'min_samples_leaf': 4, 'min_samples_split': 2, 'min_weight_fraction_leaf': 0.0, 'monotonic_cst': None, 'n_estimators': 400, 'n_jobs': -1, 'oob_score': False, 'random_state': 266747, 'verbose': 0, 'warm_start': False}",,,,,,,,,,,,,
ecfp__chemberta,rf,External,all,4,ExtraTreesRegressor,,,,,,,,,0.8772918423414727,1.302111939610156,2251,1.302111939610156,0.8923263007843498,0.5747519934852059,-0.0763035823158125,"{'bootstrap': False, 'ccp_alpha': 0.0, 'criterion': 'squared_error', 'max_depth': 14, 'max_features': 0.4, 'max_leaf_nodes': None, 'max_samples': None, 'min_impurity_decrease': 0.0, 'min_samples_leaf': 4, 'min_samples_split': 2, 'min_weight_fraction_leaf': 0.0, 'monotonic_cst': None, 'n_estimators': 400, 'n_jobs': -1, 'oob_score': False, 'random_state': 266747, 'verbose': 0, 'warm_start': False}",,,,,,,,,,,,,
ecfp__chemberta,rf,External,all6_bad,4,ExtraTreesRegressor,,,,,,,,,0.8772918423414727,1.302111939610156,256,3.019591860509952,2.75449503926978,-0.1965083248473045,-0.6789797374628513,"{'bootstrap': False, 'ccp_alpha': 0.0, 'criterion': 'squared_error', 'max_depth': 14, 'max_features': 0.4, 'max_leaf_nodes': None, 'max_samples': None, 'min_impurity_decrease': 0.0, 'min_samples_leaf': 4, 'min_samples_split': 2, 'min_weight_fraction_leaf': 0.0, 'monotonic_cst': None, 'n_estimators': 400, 'n_jobs': -1, 'oob_score': False, 'random_state': 266747, 'verbose': 0, 'warm_start': False}",,,,,,,,,,,,,
ecfp__chemberta,rf,External,not_all6_bad,4,ExtraTreesRegressor,,,,,,,,,0.8772918423414727,1.302111939610156,1995,0.8619989058584764,0.6533713147932368,0.7877310838423954,0.0010323052619528,"{'bootstrap': False, 'ccp_alpha': 0.0, 'criterion': 'squared_error', 'max_depth': 14, 'max_features': 0.4, 'max_leaf_nodes': None, 'max_samples': None, 'min_impurity_decrease': 0.0, 'min_samples_leaf': 4, 'min_samples_split': 2, 'min_weight_fraction_leaf': 0.0, 'monotonic_cst': None, 'n_estimators': 400, 'n_jobs': -1, 'oob_score': False, 'random_state': 266747, 'verbose': 0, 'warm_start': False}",,,,,,,,,,,,,
ecfp__chemberta,mlp,Train,all,8,TorchMLP,,,,,,,,,0.8972966787887492,1.3498911142589334,6437,0.1885495612737973,0.1376796066761016,0.9933282136917114,-0.0060986578464508,,384.0,2.0,0.1,0.0009705859699782,2.0285396798951345e-05,128.0,220.0,38.0,cuda:0,,,,
ecfp__chemberta,mlp,Train,not_all6_bad,8,TorchMLP,,,,,,,,,0.8972966787887492,1.3498911142589334,6437,0.1885495612737973,0.1376796066761016,0.9933282136917114,-0.0060986578464508,,384.0,2.0,0.1,0.0009705859699782,2.0285396798951345e-05,128.0,220.0,38.0,cuda:0,,,,
ecfp__chemberta,mlp,Val,all,8,TorchMLP,,,,,,,,,0.8972966787887492,1.3498911142589334,1610,0.8972966787887492,0.6290980577468872,0.8482533097267151,0.0366275943815708,,384.0,2.0,0.1,0.0009705859699782,2.0285396798951345e-05,128.0,220.0,38.0,cuda:0,,,,
ecfp__chemberta,mlp,Val,all6_bad,8,TorchMLP,,,,,,,,,0.8972966787887492,1.3498911142589334,74,2.450855736273936,2.2560715675354004,0.418997049331665,-0.2970903515815735,,384.0,2.0,0.1,0.0009705859699782,2.0285396798951345e-05,128.0,220.0,38.0,cuda:0,,,,
ecfp__chemberta,mlp,Val,not_all6_bad,8,TorchMLP,,,,,,,,,0.8972966787887492,1.3498911142589334,1536,0.7446782930599791,0.5507152080535889,0.8903970718383789,0.0527051538228988,,384.0,2.0,0.1,0.0009705859699782,2.0285396798951345e-05,128.0,220.0,38.0,cuda:0,,,,
ecfp__chemberta,mlp,External,all,8,TorchMLP,,,,,,,,,0.8972966787887492,1.3498911142589334,2251,1.3498911142589334,0.936348795890808,0.5429717302322388,0.0398148111999034,,384.0,2.0,0.1,0.0009705859699782,2.0285396798951345e-05,128.0,220.0,38.0,cuda:0,,,,
ecfp__chemberta,mlp,External,all6_bad,8,TorchMLP,,,,,,,,,0.8972966787887492,1.3498911142589334,256,3.0001827820091007,2.7116270065307617,-0.1811760663986206,-0.5561385154724121,,384.0,2.0,0.1,0.0009705859699782,2.0285396798951345e-05,128.0,220.0,38.0,cuda:0,,,,
ecfp__chemberta,mlp,External,not_all6_bad,8,TorchMLP,,,,,,,,,0.8972966787887492,1.3498911142589334,1995,0.9492127532141624,0.7085436582565308,0.7426049709320068,0.1162880212068557,,384.0,2.0,0.1,0.0009705859699782,2.0285396798951345e-05,128.0,220.0,38.0,cuda:0,,,,
ecfp__chemberta,ridge,Train,all,11,elastic_alpha_0.01_l1_0.5,,,,,,,,,0.9126756694956656,1.3511247311804555,6437,0.4074918582606077,0.3101837337017059,0.9688377380371094,6.815134234727793e-09,"{'alpha': 0.01, 'copy_X': True, 'fit_intercept': True, 'l1_ratio': 0.5, 'max_iter': 5000, 'positive': False, 'precompute': False, 'random_state': 266817, 'selection': 'cyclic', 'tol': 0.0001, 'warm_start': False}",,,,,,,,,,,,,
ecfp__chemberta,ridge,Train,not_all6_bad,11,elastic_alpha_0.01_l1_0.5,,,,,,,,,0.9126756694956656,1.3511247311804555,6437,0.4074918582606077,0.3101837337017059,0.9688377380371094,6.815134234727793e-09,"{'alpha': 0.01, 'copy_X': True, 'fit_intercept': True, 'l1_ratio': 0.5, 'max_iter': 5000, 'positive': False, 'precompute': False, 'random_state': 266817, 'selection': 'cyclic', 'tol': 0.0001, 'warm_start': False}",,,,,,,,,,,,,
ecfp__chemberta,ridge,Val,all,11,elastic_alpha_0.01_l1_0.5,,,,,,,,,0.9126756694956656,1.3511247311804555,1610,0.9126756694956656,0.6525188684463501,0.8430070877075195,-0.0009600704652257,"{'alpha': 0.01, 'copy_X': True, 'fit_intercept': True, 'l1_ratio': 0.5, 'max_iter': 5000, 'positive': False, 'precompute': False, 'random_state': 266817, 'selection': 'cyclic', 'tol': 0.0001, 'warm_start': False}",,,,,,,,,,,,,
ecfp__chemberta,ridge,Val,all6_bad,11,elastic_alpha_0.01_l1_0.5,,,,,,,,,0.9126756694956656,1.3511247311804555,74,2.4978964538859367,2.295494794845581,0.3964799642562866,-0.386430025100708,"{'alpha': 0.01, 'copy_X': True, 'fit_intercept': True, 'l1_ratio': 0.5, 'max_iter': 5000, 'positive': False, 'precompute': False, 'random_state': 266817, 'selection': 'cyclic', 'tol': 0.0001, 'warm_start': False}",,,,,,,,,,,,,
ecfp__chemberta,ridge,Val,not_all6_bad,11,elastic_alpha_0.01_l1_0.5,,,,,,,,,0.9126756694956656,1.3511247311804555,1536,0.7566419389720215,0.5733651518821716,0.8868471384048462,0.0176107510924339,"{'alpha': 0.01, 'copy_X': True, 'fit_intercept': True, 'l1_ratio': 0.5, 'max_iter': 5000, 'positive': False, 'precompute': False, 'random_state': 266817, 'selection': 'cyclic', 'tol': 0.0001, 'warm_start': False}",,,,,,,,,,,,,
ecfp__chemberta,ridge,External,all,11,elastic_alpha_0.01_l1_0.5,,,,,,,,,0.9126756694956656,1.3511247311804555,2251,1.3511247311804555,0.9480849504470824,0.5421359539031982,-0.079752966761589,"{'alpha': 0.01, 'copy_X': True, 'fit_intercept': True, 'l1_ratio': 0.5, 'max_iter': 5000, 'positive': False, 'precompute': False, 'random_state': 266817, 'selection': 'cyclic', 'tol': 0.0001, 'warm_start': False}",,,,,,,,,,,,,
ecfp__chemberta,ridge,External,all6_bad,11,elastic_alpha_0.01_l1_0.5,,,,,,,,,0.9126756694956656,1.3511247311804555,256,3.0718696664044014,2.7933573722839355,-0.2382968664169311,-0.6612435579299927,"{'alpha': 0.01, 'copy_X': True, 'fit_intercept': True, 'l1_ratio': 0.5, 'max_iter': 5000, 'positive': False, 'precompute': False, 'random_state': 266817, 'selection': 'cyclic', 'tol': 0.0001, 'warm_start': False}",,,,,,,,,,,,,
ecfp__chemberta,ridge,External,not_all6_bad,11,elastic_alpha_0.01_l1_0.5,,,,,,,,,0.9126756694956656,1.3511247311804555,1995,0.9213622008570528,0.7112980484962463,0.7574877142906189,-0.0051356209442019,"{'alpha': 0.01, 'copy_X': True, 'fit_intercept': True, 'l1_ratio': 0.5, 'max_iter': 5000, 'positive': False, 'precompute': False, 'random_state': 266817, 'selection': 'cyclic', 'tol': 0.0001, 'warm_start': False}",,,,,,,,,,,,,
ecfp__chemberta,knn_svm,Train,all,9,KNeighborsRegressor,,,,,,,,,0.979444486745881,1.4062515844683912,6437,1.2352064883519255e-05,4.174848907048869e-06,0.9999999999713668,-4.346091233695055e-07,,,,,,,,,,,sklearn_knn,50.0,distance,cosine
ecfp__chemberta,knn_svm,Train,not_all6_bad,9,KNeighborsRegressor,,,,,,,,,0.979444486745881,1.4062515844683912,6437,1.2352064883519255e-05,4.174848907048869e-06,0.9999999999713668,-4.346091233695055e-07,,,,,,,,,,,sklearn_knn,50.0,distance,cosine
ecfp__chemberta,knn_svm,Val,all,9,KNeighborsRegressor,,,,,,,,,0.979444486745881,1.4062515844683912,1610,0.979444486745881,0.7135163595201086,0.8191965225986125,-0.0915394397760142,,,,,,,,,,,sklearn_knn,50.0,distance,cosine
ecfp__chemberta,knn_svm,Val,all6_bad,9,KNeighborsRegressor,,,,,,,,,0.979444486745881,1.4062515844683912,74,2.582461239149094,2.3531027036794536,0.3549246544027923,-0.3708393973726275,,,,,,,,,,,sklearn_knn,50.0,distance,cosine
ecfp__chemberta,knn_svm,Val,not_all6_bad,9,KNeighborsRegressor,,,,,,,,,0.979444486745881,1.4062515844683912,1536,0.8271821170752867,0.6345258715853485,0.8647656385382373,-0.0780835824438857,,,,,,,,,,,sklearn_knn,50.0,distance,cosine
ecfp__chemberta,knn_svm,External,all,9,KNeighborsRegressor,,,,,,,,,0.979444486745881,1.4062515844683912,2251,1.4062515844683912,0.9916801801049004,0.5040114010624772,-0.1125952369615812,,,,,,,,,,,sklearn_knn,50.0,distance,cosine
ecfp__chemberta,knn_svm,External,all6_bad,9,KNeighborsRegressor,,,,,,,,,0.979444486745881,1.4062515844683912,256,3.160271953228228,2.8308435357739654,-0.3105939123008341,-0.6763940814034868,,,,,,,,,,,sklearn_knn,50.0,distance,cosine
ecfp__chemberta,knn_svm,External,not_all6_bad,9,KNeighborsRegressor,,,,,,,,,0.979444486745881,1.4062515844683912,1995,0.9745371868239854,0.7556772632872159,0.7286874989825957,-0.0402481170732966,,,,,,,,,,,sklearn_knn,50.0,distance,cosine
ecfp__atom_gnn,xgb,Train,all,1,XGBRegressor,500.0,6.0,0.0345780110305147,1.0,0.65,1.0,0.001,2.0,0.8576182008136557,1.5126734831129491,6437,0.3469667884594616,0.2590905427932739,0.9774073958396912,5.558423436013982e-05,,,,,,,,,,,,,,
ecfp__atom_gnn,xgb,Train,not_all6_bad,1,XGBRegressor,500.0,6.0,0.0345780110305147,1.0,0.65,1.0,0.001,2.0,0.8576182008136557,1.5126734831129491,6437,0.3469667884594616,0.2590905427932739,0.9774073958396912,5.558423436013982e-05,,,,,,,,,,,,,,
ecfp__atom_gnn,xgb,Val,all,1,XGBRegressor,500.0,6.0,0.0345780110305147,1.0,0.65,1.0,0.001,2.0,0.8576182008136557,1.5126734831129491,1610,0.8576182008136557,0.6064785122871399,0.8613770604133606,-0.0014979415573179,,,,,,,,,,,,,,
ecfp__atom_gnn,xgb,Val,all6_bad,1,XGBRegressor,500.0,6.0,0.0345780110305147,1.0,0.65,1.0,0.001,2.0,0.8576182008136557,1.5126734831129491,74,2.244212442415899,2.080297470092773,0.512840986251831,-0.2134601324796676,,,,,,,,,,,,,,
ecfp__atom_gnn,xgb,Val,not_all6_bad,1,XGBRegressor,500.0,6.0,0.0345780110305147,1.0,0.65,1.0,0.001,2.0,0.8576182008136557,1.5126734831129491,1536,0.7268426416596034,0.5354742407798767,0.8955843448638916,0.0087137771770358,,,,,,,,,,,,,,
ecfp__atom_gnn,xgb,External,all,1,XGBRegressor,500.0,6.0,0.0345780110305147,1.0,0.65,1.0,0.001,2.0,0.8576182008136557,1.5126734831129491,2251,1.5126734831129491,1.041326642036438,0.4261002540588379,-0.2783360481262207,,,,,,,,,,,,,,
ecfp__atom_gnn,xgb,External,all6_bad,1,XGBRegressor,500.0,6.0,0.0345780110305147,1.0,0.65,1.0,0.001,2.0,0.8576182008136557,1.5126734831129491,256,3.200507755527,2.930774688720703,-0.3441786766052246,-0.8075211644172668,,,,,,,,,,,,,,
ecfp__atom_gnn,xgb,External,not_all6_bad,1,XGBRegressor,500.0,6.0,0.0345780110305147,1.0,0.65,1.0,0.001,2.0,0.8576182008136557,1.5126734831129491,1995,1.125779888250201,0.7988711595535278,0.637940526008606,-0.2104305922985077,,,,,,,,,,,,,,
ecfp__atom_gnn,rf,Train,all,6,ExtraTreesRegressor,,,,,,,,,0.842136853362797,1.5140450772547105,6437,0.2543011881674197,0.1622099836343291,0.9878636579086092,2.8699877473609756e-17,"{'bootstrap': False, 'ccp_alpha': 0.0, 'criterion': 'squared_error', 'max_depth': 22, 'max_features': 1.0, 'max_leaf_nodes': None, 'max_samples': None, 'min_impurity_decrease': 0.0, 'min_samples_leaf': 4, 'min_samples_split': 2, 'min_weight_fraction_leaf': 0.0, 'monotonic_cst': None, 'n_estimators': 600, 'n_jobs': -1, 'oob_score': False, 'random_state': 267749, 'verbose': 0, 'warm_start': False}",,,,,,,,,,,,,
ecfp__atom_gnn,rf,Train,not_all6_bad,6,ExtraTreesRegressor,,,,,,,,,0.842136853362797,1.5140450772547105,6437,0.2543011881674197,0.1622099836343291,0.9878636579086092,2.8699877473609756e-17,"{'bootstrap': False, 'ccp_alpha': 0.0, 'criterion': 'squared_error', 'max_depth': 22, 'max_features': 1.0, 'max_leaf_nodes': None, 'max_samples': None, 'min_impurity_decrease': 0.0, 'min_samples_leaf': 4, 'min_samples_split': 2, 'min_weight_fraction_leaf': 0.0, 'monotonic_cst': None, 'n_estimators': 600, 'n_jobs': -1, 'oob_score': False, 'random_state': 267749, 'verbose': 0, 'warm_start': False}",,,,,,,,,,,,,
ecfp__atom_gnn,rf,Val,all,6,ExtraTreesRegressor,,,,,,,,,0.842136853362797,1.5140450772547105,1610,0.842136853362797,0.5916322824514962,0.8663366093803315,-0.0067663164273814,"{'bootstrap': False, 'ccp_alpha': 0.0, 'criterion': 'squared_error', 'max_depth': 22, 'max_features': 1.0, 'max_leaf_nodes': None, 'max_samples': None, 'min_impurity_decrease': 0.0, 'min_samples_leaf': 4, 'min_samples_split': 2, 'min_weight_fraction_leaf': 0.0, 'monotonic_cst': None, 'n_estimators': 600, 'n_jobs': -1, 'oob_score': False, 'random_state': 267749, 'verbose': 0, 'warm_start': False}",,,,,,,,,,,,,
ecfp__atom_gnn,rf,Val,all6_bad,6,ExtraTreesRegressor,,,,,,,,,0.842136853362797,1.5140450772547105,74,2.221602826187969,2.068400781359601,0.522607426598682,-0.2021157525971818,"{'bootstrap': False, 'ccp_alpha': 0.0, 'criterion': 'squared_error', 'max_depth': 22, 'max_features': 1.0, 'max_leaf_nodes': None, 'max_samples': None, 'min_impurity_decrease': 0.0, 'min_samples_leaf': 4, 'min_samples_split': 2, 'min_weight_fraction_leaf': 0.0, 'monotonic_cst': None, 'n_estimators': 600, 'n_jobs': -1, 'oob_score': False, 'random_state': 267749, 'verbose': 0, 'warm_start': False}",,,,,,,,,,,,,
ecfp__atom_gnn,rf,Val,not_all6_bad,6,ExtraTreesRegressor,,,,,,,,,0.842136853362797,1.5140450772547105,1536,0.7110432374585737,0.5204858834155589,0.9000743914536137,0.0026450496380907,"{'bootstrap': False, 'ccp_alpha': 0.0, 'criterion': 'squared_error', 'max_depth': 22, 'max_features': 1.0, 'max_leaf_nodes': None, 'max_samples': None, 'min_impurity_decrease': 0.0, 'min_samples_leaf': 4, 'min_samples_split': 2, 'min_weight_fraction_leaf': 0.0, 'monotonic_cst': None, 'n_estimators': 600, 'n_jobs': -1, 'oob_score': False, 'random_state': 267749, 'verbose': 0, 'warm_start': False}",,,,,,,,,,,,,
ecfp__atom_gnn,rf,External,all,6,ExtraTreesRegressor,,,,,,,,,0.842136853362797,1.5140450772547105,2251,1.5140450772547105,1.038253160866453,0.425059033012695,-0.274460928707369,"{'bootstrap': False, 'ccp_alpha': 0.0, 'criterion': 'squared_error', 'max_depth': 22, 'max_features': 1.0, 'max_leaf_nodes': None, 'max_samples': None, 'min_impurity_decrease': 0.0, 'min_samples_leaf': 4, 'min_samples_split': 2, 'min_weight_fraction_leaf': 0.0, 'monotonic_cst': None, 'n_estimators': 600, 'n_jobs': -1, 'oob_score': False, 'random_state': 267749, 'verbose': 0, 'warm_start': False}",,,,,,,,,,,,,
ecfp__atom_gnn,rf,External,all6_bad,6,ExtraTreesRegressor,,,,,,,,,0.842136853362797,1.5140450772547105,256,3.1978775364913137,2.937734218453276,-0.341970253290464,-0.7795778106305322,"{'bootstrap': False, 'ccp_alpha': 0.0, 'criterion': 'squared_error', 'max_depth': 22, 'max_features': 1.0, 'max_leaf_nodes': None, 'max_samples': None, 'min_impurity_decrease': 0.0, 'min_samples_leaf': 4, 'min_samples_split': 2, 'min_weight_fraction_leaf': 0.0, 'monotonic_cst': None, 'n_estimators': 600, 'n_jobs': -1, 'oob_score': False, 'random_state': 267749, 'verbose': 0, 'warm_start': False}",,,,,,,,,,,,,
ecfp__atom_gnn,rf,External,not_all6_bad,6,ExtraTreesRegressor,,,,,,,,,0.842136853362797,1.5140450772547105,1995,1.1288152769657334,0.7945102281635823,0.6359854610230133,-0.2096439253127175,"{'bootstrap': False, 'ccp_alpha': 0.0, 'criterion': 'squared_error', 'max_depth': 22, 'max_features': 1.0, 'max_leaf_nodes': None, 'max_samples': None, 'min_impurity_decrease': 0.0, 'min_samples_leaf': 4, 'min_samples_split': 2, 'min_weight_fraction_leaf': 0.0, 'monotonic_cst': None, 'n_estimators': 600, 'n_jobs': -1, 'oob_score': False, 'random_state': 267749, 'verbose': 0, 'warm_start': False}",,,,,,,,,,,,,
ecfp__atom_gnn,mlp,Train,all,6,TorchMLP,,,,,,,,,0.9661861147370622,1.4256132680099984,6437,0.4008605618292949,0.2911141216754913,0.9698437452316284,0.0018226518295705,,256.0,3.0,0.1,0.0009740101065876,0.0001394149581896,128.0,220.0,22.0,cuda:0,,,,
ecfp__atom_gnn,mlp,Train,not_all6_bad,6,TorchMLP,,,,,,,,,0.9661861147370622,1.4256132680099984,6437,0.4008605618292949,0.2911141216754913,0.9698437452316284,0.0018226518295705,,256.0,3.0,0.1,0.0009740101065876,0.0001394149581896,128.0,220.0,22.0,cuda:0,,,,
ecfp__atom_gnn,mlp,Val,all,6,TorchMLP,,,,,,,,,0.9661861147370622,1.4256132680099984,1610,0.9661861147370622,0.702913761138916,0.8240582942962646,0.0793411284685134,,256.0,3.0,0.1,0.0009740101065876,0.0001394149581896,128.0,220.0,22.0,cuda:0,,,,
ecfp__atom_gnn,mlp,Val,all6_bad,6,TorchMLP,,,,,,,,,0.9661861147370622,1.4256132680099984,74,2.4217124638314944,2.196112632751465,0.4327324032783508,-0.1151895001530647,,256.0,3.0,0.1,0.0009740101065876,0.0001394149581896,128.0,220.0,22.0,cuda:0,,,,
ecfp__atom_gnn,mlp,Val,not_all6_bad,6,TorchMLP,,,,,,,,,0.9661861147370622,1.4256132680099984,1536,0.834233731372706,0.6309759020805359,0.862450122833252,0.0887130498886108,,256.0,3.0,0.1,0.0009740101065876,0.0001394149581896,128.0,220.0,22.0,cuda:0,,,,
ecfp__atom_gnn,mlp,External,all,6,TorchMLP,,,,,,,,,0.9661861147370622,1.4256132680099984,2251,1.4256132680099984,1.0175085067749023,0.49025958776474,-0.0964846834540367,,256.0,3.0,0.1,0.0009740101065876,0.0001394149581896,128.0,220.0,22.0,cuda:0,,,,
ecfp__atom_gnn,mlp,External,all6_bad,6,TorchMLP,,,,,,,,,0.9661861147370622,1.4256132680099984,256,3.0391553849880006,2.7797601222991943,-0.2120624780654907,-0.6441175937652588,,256.0,3.0,0.1,0.0009740101065876,0.0001394149581896,128.0,220.0,22.0,cuda:0,,,,
ecfp__atom_gnn,mlp,External,not_all6_bad,6,TorchMLP,,,,,,,,,0.9661861147370622,1.4256132680099984,1995,1.0525864760875157,0.7913750410079956,0.683489203453064,-0.0262119993567466,,256.0,3.0,0.1,0.0009740101065876,0.0001394149581896,128.0,220.0,22.0,cuda:0,,,,
ecfp__atom_gnn,ridge,Train,all,11,elastic_alpha_0.01_l1_0.5,,,,,,,,,0.9158631545589784,1.5098565038493514,6437,0.5896115130058073,0.4418870210647583,0.9347586631774902,-5.926203527906182e-09,"{'alpha': 0.01, 'copy_X': True, 'fit_intercept': True, 'l1_ratio': 0.5, 'max_iter': 5000, 'positive': False, 'precompute': False, 'random_state': 267817, 'selection': 'cyclic', 'tol': 0.0001, 'warm_start': False}",,,,,,,,,,,,,
ecfp__atom_gnn,ridge,Train,not_all6_bad,11,elastic_alpha_0.01_l1_0.5,,,,,,,,,0.9158631545589784,1.5098565038493514,6437,0.5896115130058073,0.4418870210647583,0.9347586631774902,-5.926203527906182e-09,"{'alpha': 0.01, 'copy_X': True, 'fit_intercept': True, 'l1_ratio': 0.5, 'max_iter': 5000, 'positive': False, 'precompute': False, 'random_state': 267817, 'selection': 'cyclic', 'tol': 0.0001, 'warm_start': False}",,,,,,,,,,,,,
ecfp__atom_gnn,ridge,Val,all,11,elastic_alpha_0.01_l1_0.5,,,,,,,,,0.9158631545589784,1.5098565038493514,1610,0.9158631545589784,0.6691187024116516,0.8419085741043091,-0.0123107843101024,"{'alpha': 0.01, 'copy_X': True, 'fit_intercept': True, 'l1_ratio': 0.5, 'max_iter': 5000, 'positive': False, 'precompute': False, 'random_state': 267817, 'selection': 'cyclic', 'tol': 0.0001, 'warm_start': False}",,,,,,,,,,,,,
ecfp__atom_gnn,ridge,Val,all6_bad,11,elastic_alpha_0.01_l1_0.5,,,,,,,,,0.9158631545589784,1.5098565038493514,74,2.296233003124612,2.123833179473877,0.4899946451187134,-0.2186658382415771,"{'alpha': 0.01, 'copy_X': True, 'fit_intercept': True, 'l1_ratio': 0.5, 'max_iter': 5000, 'positive': False, 'precompute': False, 'random_state': 267817, 'selection': 'cyclic', 'tol': 0.0001, 'warm_start': False}",,,,,,,,,,,,,
ecfp__atom_gnn,ridge,Val,not_all6_bad,11,elastic_alpha_0.01_l1_0.5,,,,,,,,,0.9158631545589784,1.5098565038493514,1536,0.7906919971169618,0.59903484582901,0.8764338493347168,-0.0023692001122981,"{'alpha': 0.01, 'copy_X': True, 'fit_intercept': True, 'l1_ratio': 0.5, 'max_iter': 5000, 'positive': False, 'precompute': False, 'random_state': 267817, 'selection': 'cyclic', 'tol': 0.0001, 'warm_start': False}",,,,,,,,,,,,,
ecfp__atom_gnn,ridge,External,all,11,elastic_alpha_0.01_l1_0.5,,,,,,,,,0.9158631545589784,1.5098565038493514,2251,1.5098565038493514,1.0605663061141968,0.4282357692718506,-0.2697822451591491,"{'alpha': 0.01, 'copy_X': True, 'fit_intercept': True, 'l1_ratio': 0.5, 'max_iter': 5000, 'positive': False, 'precompute': False, 'random_state': 267817, 'selection': 'cyclic', 'tol': 0.0001, 'warm_start': False}",,,,,,,,,,,,,
ecfp__atom_gnn,ridge,External,all6_bad,11,elastic_alpha_0.01_l1_0.5,,,,,,,,,0.9158631545589784,1.5098565038493514,256,3.1993979006806708,2.8936140537261963,-0.343246579170227,-0.7969725131988525,"{'alpha': 0.01, 'copy_X': True, 'fit_intercept': True, 'l1_ratio': 0.5, 'max_iter': 5000, 'positive': False, 'precompute': False, 'random_state': 267817, 'selection': 'cyclic', 'tol': 0.0001, 'warm_start': False}",,,,,,,,,,,,,
ecfp__atom_gnn,ridge,External,not_all6_bad,11,elastic_alpha_0.01_l1_0.5,,,,,,,,,0.9158631545589784,1.5098565038493514,1995,1.1219112060995038,0.8253480792045593,0.6404246091842651,-0.2021327763795852,"{'alpha': 0.01, 'copy_X': True, 'fit_intercept': True, 'l1_ratio': 0.5, 'max_iter': 5000, 'positive': False, 'precompute': False, 'random_state': 267817, 'selection': 'cyclic', 'tol': 0.0001, 'warm_start': False}",,,,,,,,,,,,,
ecfp__atom_gnn,knn_svm,Train,all,11,KNeighborsRegressor,,,,,,,,,1.177158771281951,1.4242032856027715,6437,0.0510024036456426,0.0021040350933299,0.9995118286148984,-0.0001222401162465,,,,,,,,,,,sklearn_knn,100.0,distance,cosine
ecfp__atom_gnn,knn_svm,Train,not_all6_bad,11,KNeighborsRegressor,,,,,,,,,1.177158771281951,1.4242032856027715,6437,0.0510024036456426,0.0021040350933299,0.9995118286148984,-0.0001222401162465,,,,,,,,,,,sklearn_knn,100.0,distance,cosine
ecfp__atom_gnn,knn_svm,Val,all,11,KNeighborsRegressor,,,,,,,,,1.177158771281951,1.4242032856027715,1610,1.177158771281951,0.8974865947660603,0.738833653839625,-0.1703005584525175,,,,,,,,,,,sklearn_knn,100.0,distance,cosine
ecfp__atom_gnn,knn_svm,Val,all6_bad,11,KNeighborsRegressor,,,,,,,,,1.177158771281951,1.4242032856027715,74,2.47272979773622,2.216410012085092,0.4085798122086739,-0.0539071525925317,,,,,,,,,,,sklearn_knn,100.0,distance,cosine
ecfp__atom_gnn,knn_svm,Val,not_all6_bad,11,KNeighborsRegressor,,,,,,,,,1.177158771281951,1.4242032856027715,1536,1.0760521764343496,0.8339447113795965,0.7711497234212997,-0.1759080532660846,,,,,,,,,,,sklearn_knn,100.0,distance,cosine
ecfp__atom_gnn,knn_svm,External,all,11,KNeighborsRegressor,,,,,,,,,1.177158771281951,1.4242032856027715,2251,1.4242032856027715,1.0565684415823695,0.491267350432679,-0.2776035377097919,,,,,,,,,,,sklearn_knn,100.0,distance,cosine
ecfp__atom_gnn,knn_svm,External,all6_bad,11,KNeighborsRegressor,,,,,,,,,1.177158771281951,1.4242032856027715,256,2.896605925308173,2.638405968429652,-0.1010272355470365,-0.7687835449414706,,,,,,,,,,,sklearn_knn,100.0,distance,cosine
ecfp__atom_gnn,knn_svm,External,not_all6_bad,11,KNeighborsRegressor,,,,,,,,,1.177158771281951,1.4242032856027715,1995,1.1009004460284213,0.8535857814957007,0.6537665138210964,-0.214574925252995,,,,,,,,,,,sklearn_knn,100.0,distance,cosine
ecfp__brics_gnn,xgb,Train,all,5,XGBRegressor,500.0,4.0,0.0925797622643125,0.85,0.65,3.0,0.01,1.0,0.9231624664885556,1.3917107361917944,6437,0.4593500506833597,0.3531745076179504,0.9604015350341796,-8.596106454206165e-06,,,,,,,,,,,,,,
ecfp__brics_gnn,xgb,Train,not_all6_bad,5,XGBRegressor,500.0,4.0,0.0925797622643125,0.85,0.65,3.0,0.01,1.0,0.9231624664885556,1.3917107361917944,6437,0.4593500506833597,0.3531745076179504,0.9604015350341796,-8.596106454206165e-06,,,,,,,,,,,,,,
ecfp__brics_gnn,xgb,Val,all,5,XGBRegressor,500.0,4.0,0.0925797622643125,0.85,0.65,3.0,0.01,1.0,0.9231624664885556,1.3917107361917944,1610,0.9231624664885556,0.6689775586128235,0.8393785953521729,-0.0294071976095438,,,,,,,,,,,,,,
ecfp__brics_gnn,xgb,Val,all6_bad,5,XGBRegressor,500.0,4.0,0.0925797622643125,0.85,0.65,3.0,0.01,1.0,0.9231624664885556,1.3917107361917944,74,2.3042978765598985,2.143416404724121,0.4864057898521423,-0.2166181206703186,,,,,,,,,,,,,,
ecfp__brics_gnn,xgb,Val,not_all6_bad,5,XGBRegressor,500.0,4.0,0.0925797622643125,0.85,0.65,3.0,0.01,1.0,0.9231624664885556,1.3917107361917944,1536,0.7984213691171873,0.5979433655738831,0.8740062117576599,-0.0203879196196794,,,,,,,,,,,,,,
ecfp__brics_gnn,xgb,External,all,5,XGBRegressor,500.0,4.0,0.0925797622643125,0.85,0.65,3.0,0.01,1.0,0.9231624664885556,1.3917107361917944,2251,1.3917107361917944,0.947903335094452,0.5142155885696411,-0.1429734081029892,,,,,,,,,,,,,,
ecfp__brics_gnn,xgb,External,all6_bad,5,XGBRegressor,500.0,4.0,0.0925797622643125,0.85,0.65,3.0,0.01,1.0,0.9231624664885556,1.3917107361917944,256,3.1181051868169374,2.820469379425049,-0.2758532762527466,-0.7648463249206543,,,,,,,,,,,,,,
ecfp__brics_gnn,xgb,External,not_all6_bad,5,XGBRegressor,500.0,4.0,0.0925797622643125,0.85,0.65,3.0,0.01,1.0,0.9231624664885556,1.3917107361917944,1995,0.9683950450709004,0.7076142430305481,0.7320966720581055,-0.0631741732358932,,,,,,,,,,,,,,
ecfp__brics_gnn,rf,Train,all,2,ExtraTreesRegressor,,,,,,,,,0.9216285462886724,1.3792256524423536,6437,0.3023341018744446,0.2009978208847664,0.9828460040357035,9.051499818600004e-17,"{'bootstrap': False, 'ccp_alpha': 0.0, 'criterion': 'squared_error', 'max_depth': None, 'max_features': 1.0, 'max_leaf_nodes': None, 'max_samples': None, 'min_impurity_decrease': 0.0, 'min_samples_leaf': 4, 'min_samples_split': 2, 'min_weight_fraction_leaf': 0.0, 'monotonic_cst': None, 'n_estimators': 600, 'n_jobs': -1, 'oob_score': False, 'random_state': 268745, 'verbose': 0, 'warm_start': False}",,,,,,,,,,,,,
ecfp__brics_gnn,rf,Train,not_all6_bad,2,ExtraTreesRegressor,,,,,,,,,0.9216285462886724,1.3792256524423536,6437,0.3023341018744446,0.2009978208847664,0.9828460040357035,9.051499818600004e-17,"{'bootstrap': False, 'ccp_alpha': 0.0, 'criterion': 'squared_error', 'max_depth': None, 'max_features': 1.0, 'max_leaf_nodes': None, 'max_samples': None, 'min_impurity_decrease': 0.0, 'min_samples_leaf': 4, 'min_samples_split': 2, 'min_weight_fraction_leaf': 0.0, 'monotonic_cst': None, 'n_estimators': 600, 'n_jobs': -1, 'oob_score': False, 'random_state': 268745, 'verbose': 0, 'warm_start': False}",,,,,,,,,,,,,
ecfp__brics_gnn,rf,Val,all,2,ExtraTreesRegressor,,,,,,,,,0.9216285462886724,1.3792256524423536,1610,0.9216285462886724,0.6581301416505209,0.8399119321044716,-0.0236624176139849,"{'bootstrap': False, 'ccp_alpha': 0.0, 'criterion': 'squared_error', 'max_depth': None, 'max_features': 1.0, 'max_leaf_nodes': None, 'max_samples': None, 'min_impurity_decrease': 0.0, 'min_samples_leaf': 4, 'min_samples_split': 2, 'min_weight_fraction_leaf': 0.0, 'monotonic_cst': None, 'n_estimators': 600, 'n_jobs': -1, 'oob_score': False, 'random_state': 268745, 'verbose': 0, 'warm_start': False}",,,,,,,,,,,,,
ecfp__brics_gnn,rf,Val,all6_bad,2,ExtraTreesRegressor,,,,,,,,,0.9216285462886724,1.3792256524423536,74,2.3048850563774788,2.170734393167799,0.4861440797379889,-0.2110618408371647,"{'bootstrap': False, 'ccp_alpha': 0.0, 'criterion': 'squared_error', 'max_depth': None, 'max_features': 1.0, 'max_leaf_nodes': None, 'max_samples': None, 'min_impurity_decrease': 0.0, 'min_samples_leaf': 4, 'min_samples_split': 2, 'min_weight_fraction_leaf': 0.0, 'monotonic_cst': None, 'n_estimators': 600, 'n_jobs': -1, 'oob_score': False, 'random_state': 268745, 'verbose': 0, 'warm_start': False}",,,,,,,,,,,,,
ecfp__brics_gnn,rf,Val,not_all6_bad,2,ExtraTreesRegressor,,,,,,,,,0.9216285462886724,1.3792256524423536,1536,0.7964799005811515,0.5852572805748187,0.8746182224484677,-0.0146340599847431,"{'bootstrap': False, 'ccp_alpha': 0.0, 'criterion': 'squared_error', 'max_depth': None, 'max_features': 1.0, 'max_leaf_nodes': None, 'max_samples': None, 'min_impurity_decrease': 0.0, 'min_samples_leaf': 4, 'min_samples_split': 2, 'min_weight_fraction_leaf': 0.0, 'monotonic_cst': None, 'n_estimators': 600, 'n_jobs': -1, 'oob_score': False, 'random_state': 268745, 'verbose': 0, 'warm_start': False}",,,,,,,,,,,,,
ecfp__brics_gnn,rf,External,all,2,ExtraTreesRegressor,,,,,,,,,0.9216285462886724,1.3792256524423536,2251,1.3792256524423536,0.9194875115336378,0.5228924421773153,-0.1418129723830011,"{'bootstrap': False, 'ccp_alpha': 0.0, 'criterion': 'squared_error', 'max_depth': None, 'max_features': 1.0, 'max_leaf_nodes': None, 'max_samples': None, 'min_impurity_decrease': 0.0, 'min_samples_leaf': 4, 'min_samples_split': 2, 'min_weight_fraction_leaf': 0.0, 'monotonic_cst': None, 'n_estimators': 600, 'n_jobs': -1, 'oob_score': False, 'random_state': 268745, 'verbose': 0, 'warm_start': False}",,,,,,,,,,,,,
ecfp__brics_gnn,rf,External,all6_bad,2,ExtraTreesRegressor,,,,,,,,,0.9216285462886724,1.3792256524423536,256,3.112841168390842,2.8167717795299905,-0.2715491608402698,-0.7718943787653507,"{'bootstrap': False, 'ccp_alpha': 0.0, 'criterion': 'squared_error', 'max_depth': None, 'max_features': 1.0, 'max_leaf_nodes': None, 'max_samples': None, 'min_impurity_decrease': 0.0, 'min_samples_leaf': 4, 'min_samples_split': 2, 'min_weight_fraction_leaf': 0.0, 'monotonic_cst': None, 'n_estimators': 600, 'n_jobs': -1, 'oob_score': False, 'random_state': 268745, 'verbose': 0, 'warm_start': False}",,,,,,,,,,,,,
ecfp__brics_gnn,rf,External,not_all6_bad,2,ExtraTreesRegressor,,,,,,,,,0.9216285462886724,1.3792256524423536,1995,0.9502436565134011,0.6760264726328529,0.7420456051714102,-0.0609604209875718,"{'bootstrap': False, 'ccp_alpha': 0.0, 'criterion': 'squared_error', 'max_depth': None, 'max_features': 1.0, 'max_leaf_nodes': None, 'max_samples': None, 'min_impurity_decrease': 0.0, 'min_samples_leaf': 4, 'min_samples_split': 2, 'min_weight_fraction_leaf': 0.0, 'monotonic_cst': None, 'n_estimators': 600, 'n_jobs': -1, 'oob_score': False, 'random_state': 268745, 'verbose': 0, 'warm_start': False}",,,,,,,,,,,,,
ecfp__brics_gnn,mlp,Train,all,8,TorchMLP,,,,,,,,,0.9899044653525422,1.3720209621907815,6437,0.3990936673090876,0.2903851866722107,0.9701089859008788,0.0525979474186897,,384.0,2.0,0.35,0.0003248744199019,3.2529963824005075e-06,128.0,220.0,24.0,cuda:0,,,,
ecfp__brics_gnn,mlp,Train,not_all6_bad,8,TorchMLP,,,,,,,,,0.9899044653525422,1.3720209621907815,6437,0.3990936673090876,0.2903851866722107,0.9701089859008788,0.0525979474186897,,384.0,2.0,0.35,0.0003248744199019,3.2529963824005075e-06,128.0,220.0,24.0,cuda:0,,,,
ecfp__brics_gnn,mlp,Val,all,8,TorchMLP,,,,,,,,,0.9899044653525422,1.3720209621907815,1610,0.9899044653525422,0.7298861742019653,0.8153141140937805,0.0475161522626876,,384.0,2.0,0.35,0.0003248744199019,3.2529963824005075e-06,128.0,220.0,24.0,cuda:0,,,,
ecfp__brics_gnn,mlp,Val,all6_bad,8,TorchMLP,,,,,,,,,0.9899044653525422,1.3720209621907815,74,2.4193267213561644,2.23032021522522,0.4338495135307312,-0.1034387275576591,,384.0,2.0,0.35,0.0003248744199019,3.2529963824005075e-06,128.0,220.0,24.0,cuda:0,,,,
ecfp__brics_gnn,mlp,Val,not_all6_bad,8,TorchMLP,,,,,,,,,0.9899044653525422,1.3720209621907815,1536,0.8632107183719896,0.6575996279716492,0.8527286052703857,0.0547887124121189,,384.0,2.0,0.35,0.0003248744199019,3.2529963824005075e-06,128.0,220.0,24.0,cuda:0,,,,
ecfp__brics_gnn,mlp,External,all,8,TorchMLP,,,,,,,,,0.9899044653525422,1.3720209621907815,2251,1.3720209621907815,0.9730143547058104,0.5278639793395996,-0.0801032036542892,,384.0,2.0,0.35,0.0003248744199019,3.2529963824005075e-06,128.0,220.0,24.0,cuda:0,,,,
ecfp__brics_gnn,mlp,External,all6_bad,8,TorchMLP,,,,,,,,,0.9899044653525422,1.3720209621907815,256,2.9732808122429586,2.717293262481689,-0.1600884199142456,-0.6313439011573792,,384.0,2.0,0.35,0.0003248744199019,3.2529963824005075e-06,128.0,220.0,24.0,cuda:0,,,,
ecfp__brics_gnn,mlp,External,not_all6_bad,8,TorchMLP,,,,,,,,,0.9899044653525422,1.3720209621907815,1995,0.9947818269625782,0.749187171459198,0.717298150062561,-0.0093675618991255,,384.0,2.0,0.35,0.0003248744199019,3.2529963824005075e-06,128.0,220.0,24.0,cuda:0,,,,
ecfp__brics_gnn,ridge,Train,all,11,elastic_alpha_0.01_l1_0.5,,,,,,,,,0.980447867729642,1.4481147612307306,6437,0.6538123087246842,0.4929129779338836,0.9197773337364196,2.2519573761314863e-08,"{'alpha': 0.01, 'copy_X': True, 'fit_intercept': True, 'l1_ratio': 0.5, 'max_iter': 5000, 'positive': False, 'precompute': False, 'random_state': 268817, 'selection': 'cyclic', 'tol': 0.0001, 'warm_start': False}",,,,,,,,,,,,,
ecfp__brics_gnn,ridge,Train,not_all6_bad,11,elastic_alpha_0.01_l1_0.5,,,,,,,,,0.980447867729642,1.4481147612307306,6437,0.6538123087246842,0.4929129779338836,0.9197773337364196,2.2519573761314863e-08,"{'alpha': 0.01, 'copy_X': True, 'fit_intercept': True, 'l1_ratio': 0.5, 'max_iter': 5000, 'positive': False, 'precompute': False, 'random_state': 268817, 'selection': 'cyclic', 'tol': 0.0001, 'warm_start': False}",,,,,,,,,,,,,
ecfp__brics_gnn,ridge,Val,all,11,elastic_alpha_0.01_l1_0.5,,,,,,,,,0.980447867729642,1.4481147612307306,1610,0.980447867729642,0.722156286239624,0.818825900554657,-0.0206264052540063,"{'alpha': 0.01, 'copy_X': True, 'fit_intercept': True, 'l1_ratio': 0.5, 'max_iter': 5000, 'positive': False, 'precompute': False, 'random_state': 268817, 'selection': 'cyclic', 'tol': 0.0001, 'warm_start': False}",,,,,,,,,,,,,
ecfp__brics_gnn,ridge,Val,all6_bad,11,elastic_alpha_0.01_l1_0.5,,,,,,,,,0.980447867729642,1.4481147612307306,74,2.32714782279419,2.15114688873291,0.4761695265769958,-0.1650471240282058,"{'alpha': 0.01, 'copy_X': True, 'fit_intercept': True, 'l1_ratio': 0.5, 'max_iter': 5000, 'positive': False, 'precompute': False, 'random_state': 268817, 'selection': 'cyclic', 'tol': 0.0001, 'warm_start': False}",,,,,,,,,,,,,
ecfp__brics_gnn,ridge,Val,not_all6_bad,11,elastic_alpha_0.01_l1_0.5,,,,,,,,,0.980447867729642,1.4481147612307306,1536,0.8641070735533716,0.6533116102218628,0.8524225950241089,-0.0136686339974403,"{'alpha': 0.01, 'copy_X': True, 'fit_intercept': True, 'l1_ratio': 0.5, 'max_iter': 5000, 'positive': False, 'precompute': False, 'random_state': 268817, 'selection': 'cyclic', 'tol': 0.0001, 'warm_start': False}",,,,,,,,,,,,,
ecfp__brics_gnn,ridge,External,all,11,elastic_alpha_0.01_l1_0.5,,,,,,,,,0.980447867729642,1.4481147612307306,2251,1.4481147612307306,1.012611746788025,0.4740414023399353,-0.1503935158252716,"{'alpha': 0.01, 'copy_X': True, 'fit_intercept': True, 'l1_ratio': 0.5, 'max_iter': 5000, 'positive': False, 'precompute': False, 'random_state': 268817, 'selection': 'cyclic', 'tol': 0.0001, 'warm_start': False}",,,,,,,,,,,,,
ecfp__brics_gnn,ridge,External,all6_bad,11,elastic_alpha_0.01_l1_0.5,,,,,,,,,0.980447867729642,1.4481147612307306,256,3.1599416766035624,2.8533718585968018,-0.3103199005126953,-0.7469314932823181,"{'alpha': 0.01, 'copy_X': True, 'fit_intercept': True, 'l1_ratio': 0.5, 'max_iter': 5000, 'positive': False, 'precompute': False, 'random_state': 268817, 'selection': 'cyclic', 'tol': 0.0001, 'warm_start': False}",,,,,,,,,,,,,
ecfp__brics_gnn,ridge,External,not_all6_bad,11,elastic_alpha_0.01_l1_0.5,,,,,,,,,0.980447867729642,1.4481147612307306,1995,1.0415453395122285,0.7764039039611816,0.6900944709777832,-0.0738452896475792,"{'alpha': 0.01, 'copy_X': True, 'fit_intercept': True, 'l1_ratio': 0.5, 'max_iter': 5000, 'positive': False, 'precompute': False, 'random_state': 268817, 'selection': 'cyclic', 'tol': 0.0001, 'warm_start': False}",,,,,,,,,,,,,
ecfp__brics_gnn,knn_svm,Train,all,6,KNeighborsRegressor,,,,,,,,,1.2723980594782107,1.5922889064055834,6437,0.0015176642651697,2.6807072750449283e-05,0.9999995677425892,-2.3377742630587276e-08,,,,,,,,,,,sklearn_knn,20.0,distance,euclidean
ecfp__brics_gnn,knn_svm,Train,not_all6_bad,6,KNeighborsRegressor,,,,,,,,,1.2723980594782107,1.5922889064055834,6437,0.0015176642651697,2.6807072750449283e-05,0.9999995677425892,-2.3377742630587276e-08,,,,,,,,,,,sklearn_knn,20.0,distance,euclidean
ecfp__brics_gnn,knn_svm,Val,all,6,KNeighborsRegressor,,,,,,,,,1.2723980594782107,1.5922889064055834,1610,1.2723980594782107,0.9860714091955898,0.6948642286908893,-0.3761173935380398,,,,,,,,,,,sklearn_knn,20.0,distance,euclidean
ecfp__brics_gnn,knn_svm,Val,all6_bad,6,KNeighborsRegressor,,,,,,,,,1.2723980594782107,1.5922889064055834,74,2.488444872028689,2.2168072699681667,0.4010385546041576,-0.3799372959908367,,,,,,,,,,,sklearn_knn,20.0,distance,euclidean
ecfp__brics_gnn,knn_svm,Val,not_all6_bad,6,KNeighborsRegressor,,,,,,,,,1.2723980594782107,1.5922889064055834,1536,1.1826519457953864,0.9267781450698276,0.7235614015142278,-0.3759333617792462,,,,,,,,,,,sklearn_knn,20.0,distance,euclidean
ecfp__brics_gnn,knn_svm,External,all,6,KNeighborsRegressor,,,,,,,,,1.2723980594782107,1.5922889064055834,2251,1.5922889064055834,1.186395032772305,0.3640991832307194,-0.4845217226090294,,,,,,,,,,,sklearn_knn,20.0,distance,euclidean
ecfp__brics_gnn,knn_svm,External,all6_bad,6,KNeighborsRegressor,,,,,,,,,1.2723980594782107,1.5922889064055834,256,3.177206480556748,2.7775630641735627,-0.3246773541936243,-1.035170416298122,,,,,,,,,,,sklearn_knn,20.0,distance,euclidean
ecfp__brics_gnn,knn_svm,External,not_all6_bad,6,KNeighborsRegressor,,,,,,,,,1.2723980594782107,1.5922889064055834,1995,1.2511490850961362,0.9822150748581584,0.5528110139813109,-0.4138620406118326,,,,,,,,,,,sklearn_knn,20.0,distance,euclidean
ecfp__murcko_gnn,xgb,Train,all,7,XGBRegressor,800.0,6.0,0.034136486716633,0.7,0.85,6.0,0.001,2.0,0.9044251649621854,1.362409558925482,6437,0.4343694329762661,0.3271827101707458,0.9645913243293762,0.0005582273588515,,,,,,,,,,,,,,
ecfp__murcko_gnn,xgb,Train,not_all6_bad,7,XGBRegressor,800.0,6.0,0.034136486716633,0.7,0.85,6.0,0.001,2.0,0.9044251649621854,1.362409558925482,6437,0.4343694329762661,0.3271827101707458,0.9645913243293762,0.0005582273588515,,,,,,,,,,,,,,
ecfp__murcko_gnn,xgb,Val,all,7,XGBRegressor,800.0,6.0,0.034136486716633,0.7,0.85,6.0,0.001,2.0,0.9044251649621854,1.362409558925482,1610,0.9044251649621854,0.6538904905319214,0.8458326458930969,-0.0258377306163311,,,,,,,,,,,,,,
ecfp__murcko_gnn,xgb,Val,all6_bad,7,XGBRegressor,800.0,6.0,0.034136486716633,0.7,0.85,6.0,0.001,2.0,0.9044251649621854,1.362409558925482,74,2.3710136085805105,2.2027063369750977,0.4562353491783142,-0.2600122690200805,,,,,,,,,,,,,,
ecfp__murcko_gnn,xgb,Val,not_all6_bad,7,XGBRegressor,800.0,6.0,0.034136486716633,0.7,0.85,6.0,0.001,2.0,0.9044251649621854,1.362409558925482,1536,0.7658692184511436,0.5792730450630188,0.8840705156326294,-0.0145558798685669,,,,,,,,,,,,,,
ecfp__murcko_gnn,xgb,External,all,7,XGBRegressor,800.0,6.0,0.034136486716633,0.7,0.85,6.0,0.001,2.0,0.9044251649621854,1.362409558925482,2251,1.362409558925482,0.9155393838882446,0.5344557166099548,-0.1148035526275634,,,,,,,,,,,,,,
ecfp__murcko_gnn,xgb,External,all6_bad,7,XGBRegressor,800.0,6.0,0.034136486716633,0.7,0.85,6.0,0.001,2.0,0.9044251649621854,1.362409558925482,256,3.205766881642905,2.898817539215088,-0.3485997915267944,-0.8481670618057251,,,,,,,,,,,,,,
ecfp__murcko_gnn,xgb,External,not_all6_bad,7,XGBRegressor,800.0,6.0,0.034136486716633,0.7,0.85,6.0,0.001,2.0,0.9044251649621854,1.362409558925482,1995,0.880680717400453,0.6610434651374817,0.7784305214881897,-0.0206977408379316,,,,,,,,,,,,,,
ecfp__murcko_gnn,rf,Train,all,6,ExtraTreesRegressor,,,,,,,,,0.911228937565948,1.3286308638184496,6437,0.0114686792752994,0.0003202903042932,0.9999753158687824,0.0,"{'bootstrap': False, 'ccp_alpha': 0.0, 'criterion': 'squared_error', 'max_depth': None, 'max_features': 'sqrt', 'max_leaf_nodes': None, 'max_samples': None, 'min_impurity_decrease': 0.0, 'min_samples_leaf': 1, 'min_samples_split': 2, 'min_weight_fraction_leaf': 0.0, 'monotonic_cst': None, 'n_estimators': 250, 'n_jobs': -1, 'oob_score': False, 'random_state': 269749, 'verbose': 0, 'warm_start': False}",,,,,,,,,,,,,
ecfp__murcko_gnn,rf,Train,not_all6_bad,6,ExtraTreesRegressor,,,,,,,,,0.911228937565948,1.3286308638184496,6437,0.0114686792752994,0.0003202903042932,0.9999753158687824,0.0,"{'bootstrap': False, 'ccp_alpha': 0.0, 'criterion': 'squared_error', 'max_depth': None, 'max_features': 'sqrt', 'max_leaf_nodes': None, 'max_samples': None, 'min_impurity_decrease': 0.0, 'min_samples_leaf': 1, 'min_samples_split': 2, 'min_weight_fraction_leaf': 0.0, 'monotonic_cst': None, 'n_estimators': 250, 'n_jobs': -1, 'oob_score': False, 'random_state': 269749, 'verbose': 0, 'warm_start': False}",,,,,,,,,,,,,
ecfp__murcko_gnn,rf,Val,all,6,ExtraTreesRegressor,,,,,,,,,0.911228937565948,1.3286308638184496,1610,0.911228937565948,0.6532852805218717,0.843504399405947,-0.02497610822688,"{'bootstrap': False, 'ccp_alpha': 0.0, 'criterion': 'squared_error', 'max_depth': None, 'max_features': 'sqrt', 'max_leaf_nodes': None, 'max_samples': None, 'min_impurity_decrease': 0.0, 'min_samples_leaf': 1, 'min_samples_split': 2, 'min_weight_fraction_leaf': 0.0, 'monotonic_cst': None, 'n_estimators': 250, 'n_jobs': -1, 'oob_score': False, 'random_state': 269749, 'verbose': 0, 'warm_start': False}",,,,,,,,,,,,,
ecfp__murcko_gnn,rf,Val,all6_bad,6,ExtraTreesRegressor,,,,,,,,,0.911228937565948,1.3286308638184496,74,2.3828557756676187,2.199597681645883,0.4507901288793712,-0.2748509953926392,"{'bootstrap': False, 'ccp_alpha': 0.0, 'criterion': 'squared_error', 'max_depth': None, 'max_features': 'sqrt', 'max_leaf_nodes': None, 'max_samples': None, 'min_impurity_decrease': 0.0, 'min_samples_leaf': 1, 'min_samples_split': 2, 'min_weight_fraction_leaf': 0.0, 'monotonic_cst': None, 'n_estimators': 250, 'n_jobs': -1, 'oob_score': False, 'random_state': 269749, 'verbose': 0, 'warm_start': False}",,,,,,,,,,,,,
ecfp__murcko_gnn,rf,Val,not_all6_bad,6,ExtraTreesRegressor,,,,,,,,,0.911228937565948,1.3286308638184496,1536,0.7725230673866312,0.5787884591135535,0.8820473524016608,-0.0129378649649879,"{'bootstrap': False, 'ccp_alpha': 0.0, 'criterion': 'squared_error', 'max_depth': None, 'max_features': 'sqrt', 'max_leaf_nodes': None, 'max_samples': None, 'min_impurity_decrease': 0.0, 'min_samples_leaf': 1, 'min_samples_split': 2, 'min_weight_fraction_leaf': 0.0, 'monotonic_cst': None, 'n_estimators': 250, 'n_jobs': -1, 'oob_score': False, 'random_state': 269749, 'verbose': 0, 'warm_start': False}",,,,,,,,,,,,,
ecfp__murcko_gnn,rf,External,all,6,ExtraTreesRegressor,,,,,,,,,0.911228937565948,1.3286308638184496,2251,1.3286308638184496,0.8789972063908157,0.5572543349439992,-0.110172528131175,"{'bootstrap': False, 'ccp_alpha': 0.0, 'criterion': 'squared_error', 'max_depth': None, 'max_features': 'sqrt', 'max_leaf_nodes': None, 'max_samples': None, 'min_impurity_decrease': 0.0, 'min_samples_leaf': 1, 'min_samples_split': 2, 'min_weight_fraction_leaf': 0.0, 'monotonic_cst': None, 'n_estimators': 250, 'n_jobs': -1, 'oob_score': False, 'random_state': 269749, 'verbose': 0, 'warm_start': False}",,,,,,,,,,,,,
ecfp__murcko_gnn,rf,External,all6_bad,6,ExtraTreesRegressor,,,,,,,,,0.911228937565948,1.3286308638184496,256,3.1695477777803585,2.880946124328375,-0.3182987429934836,-0.8236202782395575,"{'bootstrap': False, 'ccp_alpha': 0.0, 'criterion': 'squared_error', 'max_depth': None, 'max_features': 'sqrt', 'max_leaf_nodes': None, 'max_samples': None, 'min_impurity_decrease': 0.0, 'min_samples_leaf': 1, 'min_samples_split': 2, 'min_weight_fraction_leaf': 0.0, 'monotonic_cst': None, 'n_estimators': 250, 'n_jobs': -1, 'oob_score': False, 'random_state': 269749, 'verbose': 0, 'warm_start': False}",,,,,,,,,,,,,
ecfp__murcko_gnn,rf,External,not_all6_bad,6,ExtraTreesRegressor,,,,,,,,,0.911228937565948,1.3286308638184496,1995,0.8382508701551203,0.6221055156680011,0.7992659721275399,-0.0186223406485956,"{'bootstrap': False, 'ccp_alpha': 0.0, 'criterion': 'squared_error', 'max_depth': None, 'max_features': 'sqrt', 'max_leaf_nodes': None, 'max_samples': None, 'min_impurity_decrease': 0.0, 'min_samples_leaf': 1, 'min_samples_split': 2, 'min_weight_fraction_leaf': 0.0, 'monotonic_cst': None, 'n_estimators': 250, 'n_jobs': -1, 'oob_score': False, 'random_state': 269749, 'verbose': 0, 'warm_start': False}",,,,,,,,,,,,,
ecfp__murcko_gnn,mlp,Train,all,5,TorchMLP,,,,,,,,,1.0122813424317132,1.3447839618031718,6437,0.3350420039091076,0.2392548471689224,0.9789336323738098,-0.0360546968877315,,256.0,3.0,0.2,0.0023126453563769,1.0383276110395774e-06,128.0,220.0,41.0,cuda:0,,,,
ecfp__murcko_gnn,mlp,Train,not_all6_bad,5,TorchMLP,,,,,,,,,1.0122813424317132,1.3447839618031718,6437,0.3350420039091076,0.2392548471689224,0.9789336323738098,-0.0360546968877315,,256.0,3.0,0.2,0.0023126453563769,1.0383276110395774e-06,128.0,220.0,41.0,cuda:0,,,,
ecfp__murcko_gnn,mlp,Val,all,5,TorchMLP,,,,,,,,,1.0122813424317132,1.3447839618031718,1610,1.0122813424317132,0.7490346431732178,0.8068701028823853,0.0281071569770574,,256.0,3.0,0.2,0.0023126453563769,1.0383276110395774e-06,128.0,220.0,41.0,cuda:0,,,,
ecfp__murcko_gnn,mlp,Val,all6_bad,5,TorchMLP,,,,,,,,,1.0122813424317132,1.3447839618031718,74,2.496773736115363,2.2664036750793457,0.3970223665237427,-0.2293783873319625,,256.0,3.0,0.2,0.0023126453563769,1.0383276110395774e-06,128.0,220.0,41.0,cuda:0,,,,
ecfp__murcko_gnn,mlp,Val,not_all6_bad,5,TorchMLP,,,,,,,,,1.0122813424317132,1.3447839618031718,1536,0.8796312182023575,0.6759323477745056,0.8470723628997803,0.0405120551586151,,256.0,3.0,0.2,0.0023126453563769,1.0383276110395774e-06,128.0,220.0,41.0,cuda:0,,,,
ecfp__murcko_gnn,mlp,External,all,5,TorchMLP,,,,,,,,,1.0122813424317132,1.3447839618031718,2251,1.3447839618031718,0.957265079021454,0.5464233756065369,-0.0088208680972456,,256.0,3.0,0.2,0.0023126453563769,1.0383276110395774e-06,128.0,220.0,41.0,cuda:0,,,,
ecfp__murcko_gnn,mlp,External,all6_bad,5,TorchMLP,,,,,,,,,1.0122813424317132,1.3447839618031718,256,2.962193527143109,2.6942713260650635,-0.1514526605606079,-0.6045843362808228,,256.0,3.0,0.2,0.0023126453563769,1.0383276110395774e-06,128.0,220.0,41.0,cuda:0,,,,
ecfp__murcko_gnn,mlp,External,not_all6_bad,5,TorchMLP,,,,,,,,,1.0122813424317132,1.3447839618031718,1995,0.956317059029296,0.7343710660934448,0.7387377023696899,0.0676279962062835,,256.0,3.0,0.2,0.0023126453563769,1.0383276110395774e-06,128.0,220.0,41.0,cuda:0,,,,
ecfp__murcko_gnn,ridge,Train,all,11,elastic_alpha_0.01_l1_0.5,,,,,,,,,0.9901987103241358,1.4173047741667903,6437,0.6905513801863638,0.5191109776496887,0.9105082750320436,5.4521073877822346e-08,"{'alpha': 0.01, 'copy_X': True, 'fit_intercept': True, 'l1_ratio': 0.5, 'max_iter': 5000, 'positive': False, 'precompute': False, 'random_state': 269817, 'selection': 'cyclic', 'tol': 0.0001, 'warm_start': False}",,,,,,,,,,,,,
ecfp__murcko_gnn,ridge,Train,not_all6_bad,11,elastic_alpha_0.01_l1_0.5,,,,,,,,,0.9901987103241358,1.4173047741667903,6437,0.6905513801863638,0.5191109776496887,0.9105082750320436,5.4521073877822346e-08,"{'alpha': 0.01, 'copy_X': True, 'fit_intercept': True, 'l1_ratio': 0.5, 'max_iter': 5000, 'positive': False, 'precompute': False, 'random_state': 269817, 'selection': 'cyclic', 'tol': 0.0001, 'warm_start': False}",,,,,,,,,,,,,
ecfp__murcko_gnn,ridge,Val,all,11,elastic_alpha_0.01_l1_0.5,,,,,,,,,0.9901987103241358,1.4173047741667903,1610,0.9901987103241358,0.7304787635803223,0.8152043223381042,-0.0195200163871049,"{'alpha': 0.01, 'copy_X': True, 'fit_intercept': True, 'l1_ratio': 0.5, 'max_iter': 5000, 'positive': False, 'precompute': False, 'random_state': 269817, 'selection': 'cyclic', 'tol': 0.0001, 'warm_start': False}",,,,,,,,,,,,,
ecfp__murcko_gnn,ridge,Val,all6_bad,11,elastic_alpha_0.01_l1_0.5,,,,,,,,,0.9901987103241358,1.4173047741667903,74,2.348248652963527,2.1150810718536377,0.4666270613670349,-0.273659199476242,"{'alpha': 0.01, 'copy_X': True, 'fit_intercept': True, 'l1_ratio': 0.5, 'max_iter': 5000, 'positive': False, 'precompute': False, 'random_state': 269817, 'selection': 'cyclic', 'tol': 0.0001, 'warm_start': False}",,,,,,,,,,,,,
ecfp__murcko_gnn,ridge,Val,not_all6_bad,11,elastic_alpha_0.01_l1_0.5,,,,,,,,,0.9901987103241358,1.4173047741667903,1536,0.8729657982509533,0.6637727618217468,0.8493812084197998,-0.0072763352654874,"{'alpha': 0.01, 'copy_X': True, 'fit_intercept': True, 'l1_ratio': 0.5, 'max_iter': 5000, 'positive': False, 'precompute': False, 'random_state': 269817, 'selection': 'cyclic', 'tol': 0.0001, 'warm_start': False}",,,,,,,,,,,,,
ecfp__murcko_gnn,ridge,External,all,11,elastic_alpha_0.01_l1_0.5,,,,,,,,,0.9901987103241358,1.4173047741667903,2251,1.4173047741667903,0.9990667104721068,0.4961838126182556,-0.1367779374122619,"{'alpha': 0.01, 'copy_X': True, 'fit_intercept': True, 'l1_ratio': 0.5, 'max_iter': 5000, 'positive': False, 'precompute': False, 'random_state': 269817, 'selection': 'cyclic', 'tol': 0.0001, 'warm_start': False}",,,,,,,,,,,,,
ecfp__murcko_gnn,ridge,External,all6_bad,11,elastic_alpha_0.01_l1_0.5,,,,,,,,,0.9901987103241358,1.4173047741667903,256,3.1568013833237725,2.860309600830078,-0.3077168464660644,-0.7546430826187134,"{'alpha': 0.01, 'copy_X': True, 'fit_intercept': True, 'l1_ratio': 0.5, 'max_iter': 5000, 'positive': False, 'precompute': False, 'random_state': 269817, 'selection': 'cyclic', 'tol': 0.0001, 'warm_start': False}",,,,,,,,,,,,,
ecfp__murcko_gnn,ridge,External,not_all6_bad,11,elastic_alpha_0.01_l1_0.5,,,,,,,,,0.9901987103241358,1.4173047741667903,1995,0.993856243236262,0.7602304816246033,0.7178239822387695,-0.0574929937720298,"{'alpha': 0.01, 'copy_X': True, 'fit_intercept': True, 'l1_ratio': 0.5, 'max_iter': 5000, 'positive': False, 'precompute': False, 'random_state': 269817, 'selection': 'cyclic', 'tol': 0.0001, 'warm_start': False}",,,,,,,,,,,,,
ecfp__murcko_gnn,knn_svm,Train,all,2,KNeighborsRegressor,,,,,,,,,1.3607736333255993,1.6350256713694389,6437,0.0114686792753844,0.0003203007318472,0.999975315868782,-1.615145539761177e-09,,,,,,,,,,,sklearn_knn,5.0,distance,euclidean
ecfp__murcko_gnn,knn_svm,Train,not_all6_bad,2,KNeighborsRegressor,,,,,,,,,1.3607736333255993,1.6350256713694389,6437,0.0114686792753844,0.0003203007318472,0.999975315868782,-1.615145539761177e-09,,,,,,,,,,,sklearn_knn,5.0,distance,euclidean
ecfp__murcko_gnn,knn_svm,Val,all,2,KNeighborsRegressor,,,,,,,,,1.3607736333255993,1.6350256713694389,1610,1.3607736333255993,0.9957778598435508,0.6510052462411755,-0.1702403858673616,,,,,,,,,,,sklearn_knn,5.0,distance,euclidean
ecfp__murcko_gnn,knn_svm,Val,all6_bad,2,KNeighborsRegressor,,,,,,,,,1.3607736333255993,1.6350256713694389,74,2.8450525474790505,2.4651024383017357,0.2170691529196377,-0.1907710604125457,,,,,,,,,,,sklearn_knn,5.0,distance,euclidean
ecfp__murcko_gnn,knn_svm,Val,not_all6_bad,2,KNeighborsRegressor,,,,,,,,,1.3607736333255993,1.6350256713694389,1536,1.24537291593627,0.924990087183456,0.6934624977952375,-0.1692512778489087,,,,,,,,,,,sklearn_knn,5.0,distance,euclidean
ecfp__murcko_gnn,knn_svm,External,all,2,KNeighborsRegressor,,,,,,,,,1.3607736333255993,1.6350256713694389,2251,1.6350256713694389,1.1786845483632065,0.3295061544519865,-0.0820660533956499,,,,,,,,,,,sklearn_knn,5.0,distance,euclidean
ecfp__murcko_gnn,knn_svm,External,all6_bad,2,KNeighborsRegressor,,,,,,,,,1.3607736333255993,1.6350256713694389,256,3.332045442799166,2.8590467262482027,-0.4569379773455009,-0.7874412979067247,,,,,,,,,,,sklearn_knn,5.0,distance,euclidean
ecfp__murcko_gnn,knn_svm,External,not_all6_bad,2,KNeighborsRegressor,,,,,,,,,1.3607736333255993,1.6350256713694389,1995,1.26161204279389,0.9630591260381144,0.5453003445505142,0.008448263694493,,,,,,,,,,,sklearn_knn,5.0,distance,euclidean
ecfp__three_d_gnn,xgb,Train,all,0,XGBRegressor,1100.0,6.0,0.0514998237317348,0.7,1.0,6.0,0.01,2.0,0.8551957552717081,1.3717953443754942,6437,0.0986653972849282,0.0719468221068382,0.9981730580329896,0.0002406306157354,,,,,,,,,,,,,,
ecfp__three_d_gnn,xgb,Train,not_all6_bad,0,XGBRegressor,1100.0,6.0,0.0514998237317348,0.7,1.0,6.0,0.01,2.0,0.8551957552717081,1.3717953443754942,6437,0.0986653972849282,0.0719468221068382,0.9981730580329896,0.0002406306157354,,,,,,,,,,,,,,
ecfp__three_d_gnn,xgb,Val,all,0,XGBRegressor,1100.0,6.0,0.0514998237317348,0.7,1.0,6.0,0.01,2.0,0.8551957552717081,1.3717953443754942,1610,0.8551957552717081,0.5974844694137573,0.8621590733528137,-0.0120496843010187,,,,,,,,,,,,,,
ecfp__three_d_gnn,xgb,Val,all6_bad,0,XGBRegressor,1100.0,6.0,0.0514998237317348,0.7,1.0,6.0,0.01,2.0,0.8551957552717081,1.3717953443754942,74,2.357631316911776,2.124707698822021,0.4623562097549438,-0.2737165093421936,,,,,,,,,,,,,,
ecfp__three_d_gnn,xgb,Val,not_all6_bad,0,XGBRegressor,1100.0,6.0,0.0514998237317348,0.7,1.0,6.0,0.01,2.0,0.8551957552717081,1.3717953443754942,1536,0.7062618853826443,0.5239073634147644,0.9014137387275696,0.0005566577310673,,,,,,,,,,,,,,
ecfp__three_d_gnn,xgb,External,all,0,XGBRegressor,1100.0,6.0,0.0514998237317348,0.7,1.0,6.0,0.01,2.0,0.8551957552717081,1.3717953443754942,2251,1.3717953443754942,0.925801396369934,0.5280192494392395,-0.2411975711584091,,,,,,,,,,,,,,
ecfp__three_d_gnn,xgb,External,all6_bad,0,XGBRegressor,1100.0,6.0,0.0514998237317348,0.7,1.0,6.0,0.01,2.0,0.8551957552717081,1.3717953443754942,256,3.1150647730085907,2.827399253845215,-0.2733663320541382,-0.8475925922393799,,,,,,,,,,,,,,
ecfp__three_d_gnn,xgb,External,not_all6_bad,0,XGBRegressor,1100.0,6.0,0.0514998237317348,0.7,1.0,6.0,0.01,2.0,0.8551957552717081,1.3717953443754942,1995,0.9370818477147868,0.6817867159843445,0.7491419315338135,-0.1633844822645187,,,,,,,,,,,,,,
ecfp__three_d_gnn,rf,Train,all,0,ExtraTreesRegressor,,,,,,,,,0.87777547850961,1.3941205913369783,6437,0.0801564104161822,0.0229372288387997,0.9987942214564498,-1.3246097295512198e-17,"{'bootstrap': False, 'ccp_alpha': 0.0, 'criterion': 'squared_error', 'max_depth': 22, 'max_features': 1.0, 'max_leaf_nodes': None, 'max_samples': None, 'min_impurity_decrease': 0.0, 'min_samples_leaf': 2, 'min_samples_split': 2, 'min_weight_fraction_leaf': 0.0, 'monotonic_cst': None, 'n_estimators': 400, 'n_jobs': -1, 'oob_score': False, 'random_state': 270743, 'verbose': 0, 'warm_start': False}",,,,,,,,,,,,,
ecfp__three_d_gnn,rf,Train,not_all6_bad,0,ExtraTreesRegressor,,,,,,,,,0.87777547850961,1.3941205913369783,6437,0.0801564104161822,0.0229372288387997,0.9987942214564498,-1.3246097295512198e-17,"{'bootstrap': False, 'ccp_alpha': 0.0, 'criterion': 'squared_error', 'max_depth': 22, 'max_features': 1.0, 'max_leaf_nodes': None, 'max_samples': None, 'min_impurity_decrease': 0.0, 'min_samples_leaf': 2, 'min_samples_split': 2, 'min_weight_fraction_leaf': 0.0, 'monotonic_cst': None, 'n_estimators': 400, 'n_jobs': -1, 'oob_score': False, 'random_state': 270743, 'verbose': 0, 'warm_start': False}",,,,,,,,,,,,,
ecfp__three_d_gnn,rf,Val,all,0,ExtraTreesRegressor,,,,,,,,,0.87777547850961,1.3941205913369783,1610,0.87777547850961,0.608608501777212,0.8547841518882144,-0.0084756210898801,"{'bootstrap': False, 'ccp_alpha': 0.0, 'criterion': 'squared_error', 'max_depth': 22, 'max_features': 1.0, 'max_leaf_nodes': None, 'max_samples': None, 'min_impurity_decrease': 0.0, 'min_samples_leaf': 2, 'min_samples_split': 2, 'min_weight_fraction_leaf': 0.0, 'monotonic_cst': None, 'n_estimators': 400, 'n_jobs': -1, 'oob_score': False, 'random_state': 270743, 'verbose': 0, 'warm_start': False}",,,,,,,,,,,,,
ecfp__three_d_gnn,rf,Val,all6_bad,0,ExtraTreesRegressor,,,,,,,,,0.87777547850961,1.3941205913369783,74,2.4290302865094078,2.1788491383371267,0.4292989391183656,-0.2966241235842208,"{'bootstrap': False, 'ccp_alpha': 0.0, 'criterion': 'squared_error', 'max_depth': 22, 'max_features': 1.0, 'max_leaf_nodes': None, 'max_samples': None, 'min_impurity_decrease': 0.0, 'min_samples_leaf': 2, 'min_samples_split': 2, 'min_weight_fraction_leaf': 0.0, 'monotonic_cst': None, 'n_estimators': 400, 'n_jobs': -1, 'oob_score': False, 'random_state': 270743, 'verbose': 0, 'warm_start': False}",,,,,,,,,,,,,
ecfp__three_d_gnn,rf,Val,not_all6_bad,0,ExtraTreesRegressor,,,,,,,,,0.87777547850961,1.3941205913369783,1536,0.723433401337134,0.5329588877762788,0.8965615761857464,0.0054065333271649,"{'bootstrap': False, 'ccp_alpha': 0.0, 'criterion': 'squared_error', 'max_depth': 22, 'max_features': 1.0, 'max_leaf_nodes': None, 'max_samples': None, 'min_impurity_decrease': 0.0, 'min_samples_leaf': 2, 'min_samples_split': 2, 'min_weight_fraction_leaf': 0.0, 'monotonic_cst': None, 'n_estimators': 400, 'n_jobs': -1, 'oob_score': False, 'random_state': 270743, 'verbose': 0, 'warm_start': False}",,,,,,,,,,,,,
ecfp__three_d_gnn,rf,External,all,0,ExtraTreesRegressor,,,,,,,,,0.87777547850961,1.3941205913369783,2251,1.3941205913369783,0.9490640738799652,0.5125317573344434,-0.2333411425561395,"{'bootstrap': False, 'ccp_alpha': 0.0, 'criterion': 'squared_error', 'max_depth': 22, 'max_features': 1.0, 'max_leaf_nodes': None, 'max_samples': None, 'min_impurity_decrease': 0.0, 'min_samples_leaf': 2, 'min_samples_split': 2, 'min_weight_fraction_leaf': 0.0, 'monotonic_cst': None, 'n_estimators': 400, 'n_jobs': -1, 'oob_score': False, 'random_state': 270743, 'verbose': 0, 'warm_start': False}",,,,,,,,,,,,,
ecfp__three_d_gnn,rf,External,all6_bad,0,ExtraTreesRegressor,,,,,,,,,0.87777547850961,1.3941205913369783,256,3.1078359623516603,2.813362032143993,-0.2674633443832028,-0.8016362605011951,"{'bootstrap': False, 'ccp_alpha': 0.0, 'criterion': 'squared_error', 'max_depth': 22, 'max_features': 1.0, 'max_leaf_nodes': None, 'max_samples': None, 'min_impurity_decrease': 0.0, 'min_samples_leaf': 2, 'min_samples_split': 2, 'min_weight_fraction_leaf': 0.0, 'monotonic_cst': None, 'n_estimators': 400, 'n_jobs': -1, 'oob_score': False, 'random_state': 270743, 'verbose': 0, 'warm_start': False}",,,,,,,,,,,,,
ecfp__three_d_gnn,rf,External,not_all6_bad,0,ExtraTreesRegressor,,,,,,,,,0.87777547850961,1.3941205913369783,1995,0.9765080531810572,0.7098358646992178,0.7275890054885182,-0.1604170572458968,"{'bootstrap': False, 'ccp_alpha': 0.0, 'criterion': 'squared_error', 'max_depth': 22, 'max_features': 1.0, 'max_leaf_nodes': None, 'max_samples': None, 'min_impurity_decrease': 0.0, 'min_samples_leaf': 2, 'min_samples_split': 2, 'min_weight_fraction_leaf': 0.0, 'monotonic_cst': None, 'n_estimators': 400, 'n_jobs': -1, 'oob_score': False, 'random_state': 270743, 'verbose': 0, 'warm_start': False}",,,,,,,,,,,,,
ecfp__three_d_gnn,mlp,Train,all,3,TorchMLP,,,,,,,,,0.91319315071804,1.3581779734378474,6437,0.1232389170035889,0.0824155807495117,0.9971497058868408,0.0493082888424396,,128.0,3.0,0.0,0.0022031940209274,2.606966816637096e-07,128.0,220.0,120.0,cuda:0,,,,
ecfp__three_d_gnn,mlp,Train,not_all6_bad,3,TorchMLP,,,,,,,,,0.91319315071804,1.3581779734378474,6437,0.1232389170035889,0.0824155807495117,0.9971497058868408,0.0493082888424396,,128.0,3.0,0.0,0.0022031940209274,2.606966816637096e-07,128.0,220.0,120.0,cuda:0,,,,
ecfp__three_d_gnn,mlp,Val,all,3,TorchMLP,,,,,,,,,0.91319315071804,1.3581779734378474,1610,0.91319315071804,0.6336634159088135,0.8428289890289307,0.0628261044621467,,128.0,3.0,0.0,0.0022031940209274,2.606966816637096e-07,128.0,220.0,120.0,cuda:0,,,,
ecfp__three_d_gnn,mlp,Val,all6_bad,3,TorchMLP,,,,,,,,,0.91319315071804,1.3581779734378474,74,2.499904916862494,2.234938859939575,0.3955090045928955,-0.2483038753271103,,128.0,3.0,0.0,0.0022031940209274,2.606966816637096e-07,128.0,220.0,120.0,cuda:0,,,,
ecfp__three_d_gnn,mlp,Val,not_all6_bad,3,TorchMLP,,,,,,,,,0.91319315071804,1.3581779734378474,1536,0.7569767777850688,0.5565186142921448,0.8867469429969788,0.0778154507279396,,128.0,3.0,0.0,0.0022031940209274,2.606966816637096e-07,128.0,220.0,120.0,cuda:0,,,,
ecfp__three_d_gnn,mlp,External,all,3,TorchMLP,,,,,,,,,0.91319315071804,1.3581779734378474,2251,1.3581779734378474,0.9443984031677246,0.5373431444168091,-0.0890358239412307,,128.0,3.0,0.0,0.0022031940209274,2.606966816637096e-07,128.0,220.0,120.0,cuda:0,,,,
ecfp__three_d_gnn,mlp,External,all6_bad,3,TorchMLP,,,,,,,,,0.91319315071804,1.3581779734378474,256,2.987728930524401,2.7062997817993164,-0.1713902950286865,-0.6312211751937866,,128.0,3.0,0.0,0.0022031940209274,2.606966816637096e-07,128.0,220.0,120.0,cuda:0,,,,
ecfp__three_d_gnn,mlp,External,not_all6_bad,3,TorchMLP,,,,,,,,,0.91319315071804,1.3581779734378474,1995,0.967416861212374,0.7183098196983337,0.7326376438140869,-0.0194621756672859,,128.0,3.0,0.0,0.0022031940209274,2.606966816637096e-07,128.0,220.0,120.0,cuda:0,,,,
ecfp__three_d_gnn,ridge,Train,all,11,elastic_alpha_0.01_l1_0.5,,,,,,,,,0.9762088593082334,1.4694226936183992,6437,0.5733396587004418,0.432935357093811,0.9383099675178528,-3.252004177056733e-08,"{'alpha': 0.01, 'copy_X': True, 'fit_intercept': True, 'l1_ratio': 0.5, 'max_iter': 5000, 'positive': False, 'precompute': False, 'random_state': 270817, 'selection': 'cyclic', 'tol': 0.0001, 'warm_start': False}",,,,,,,,,,,,,
ecfp__three_d_gnn,ridge,Train,not_all6_bad,11,elastic_alpha_0.01_l1_0.5,,,,,,,,,0.9762088593082334,1.4694226936183992,6437,0.5733396587004418,0.432935357093811,0.9383099675178528,-3.252004177056733e-08,"{'alpha': 0.01, 'copy_X': True, 'fit_intercept': True, 'l1_ratio': 0.5, 'max_iter': 5000, 'positive': False, 'precompute': False, 'random_state': 270817, 'selection': 'cyclic', 'tol': 0.0001, 'warm_start': False}",,,,,,,,,,,,,
ecfp__three_d_gnn,ridge,Val,all,11,elastic_alpha_0.01_l1_0.5,,,,,,,,,0.9762088593082334,1.4694226936183992,1610,0.9762088593082334,0.7199043035507202,0.8203891515731812,-0.0355211086571216,"{'alpha': 0.01, 'copy_X': True, 'fit_intercept': True, 'l1_ratio': 0.5, 'max_iter': 5000, 'positive': False, 'precompute': False, 'random_state': 270817, 'selection': 'cyclic', 'tol': 0.0001, 'warm_start': False}",,,,,,,,,,,,,
ecfp__three_d_gnn,ridge,Val,all6_bad,11,elastic_alpha_0.01_l1_0.5,,,,,,,,,0.9762088593082334,1.4694226936183992,74,2.4187501498278983,2.136840343475342,0.4341192841529846,-0.2557215988636017,"{'alpha': 0.01, 'copy_X': True, 'fit_intercept': True, 'l1_ratio': 0.5, 'max_iter': 5000, 'positive': False, 'precompute': False, 'random_state': 270817, 'selection': 'cyclic', 'tol': 0.0001, 'warm_start': False}",,,,,,,,,,,,,
ecfp__three_d_gnn,ridge,Val,not_all6_bad,11,elastic_alpha_0.01_l1_0.5,,,,,,,,,0.9762088593082334,1.4694226936183992,1536,0.8467837647001143,0.6516404747962952,0.8582804203033447,-0.0249124895781278,"{'alpha': 0.01, 'copy_X': True, 'fit_intercept': True, 'l1_ratio': 0.5, 'max_iter': 5000, 'positive': False, 'precompute': False, 'random_state': 270817, 'selection': 'cyclic', 'tol': 0.0001, 'warm_start': False}",,,,,,,,,,,,,
ecfp__three_d_gnn,ridge,External,all,11,elastic_alpha_0.01_l1_0.5,,,,,,,,,0.9762088593082334,1.4694226936183992,2251,1.4694226936183992,1.05592679977417,0.4584493041038513,-0.2490181475877761,"{'alpha': 0.01, 'copy_X': True, 'fit_intercept': True, 'l1_ratio': 0.5, 'max_iter': 5000, 'positive': False, 'precompute': False, 'random_state': 270817, 'selection': 'cyclic', 'tol': 0.0001, 'warm_start': False}",,,,,,,,,,,,,
ecfp__three_d_gnn,ridge,External,all6_bad,11,elastic_alpha_0.01_l1_0.5,,,,,,,,,0.9762088593082334,1.4694226936183992,256,3.146721990174421,2.827032804489136,-0.2993793487548828,-0.7426170110702515,"{'alpha': 0.01, 'copy_X': True, 'fit_intercept': True, 'l1_ratio': 0.5, 'max_iter': 5000, 'positive': False, 'precompute': False, 'random_state': 270817, 'selection': 'cyclic', 'tol': 0.0001, 'warm_start': False}",,,,,,,,,,,,,
ecfp__three_d_gnn,ridge,External,not_all6_bad,11,elastic_alpha_0.01_l1_0.5,,,,,,,,,0.9762088593082334,1.4694226936183992,1995,1.0796570327810275,0.8286568522453308,0.6669996976852417,-0.1856791675090789,"{'alpha': 0.01, 'copy_X': True, 'fit_intercept': True, 'l1_ratio': 0.5, 'max_iter': 5000, 'positive': False, 'precompute': False, 'random_state': 270817, 'selection': 'cyclic', 'tol': 0.0001, 'warm_start': False}",,,,,,,,,,,,,
ecfp__three_d_gnn,knn_svm,Train,all,11,KNeighborsRegressor,,,,,,,,,1.085366172815642,1.4335052017702956,6437,0.0279749143804363,0.000505669390864,0.9998531315326088,-7.076028902856241e-07,,,,,,,,,,,sklearn_knn,100.0,distance,cosine
ecfp__three_d_gnn,knn_svm,Train,not_all6_bad,11,KNeighborsRegressor,,,,,,,,,1.085366172815642,1.4335052017702956,6437,0.0279749143804363,0.000505669390864,0.9998531315326088,-7.076028902856241e-07,,,,,,,,,,,sklearn_knn,100.0,distance,cosine
ecfp__three_d_gnn,knn_svm,Val,all,11,KNeighborsRegressor,,,,,,,,,1.085366172815642,1.4335052017702956,1610,1.085366172815642,0.8050574650948936,0.7779761184074777,-0.1016192869423535,,,,,,,,,,,sklearn_knn,100.0,distance,cosine
ecfp__three_d_gnn,knn_svm,Val,all6_bad,11,KNeighborsRegressor,,,,,,,,,1.085366172815642,1.4335052017702956,74,2.5937991432478125,2.2521707510474966,0.3492480096862037,-0.1048274050542228,,,,,,,,,,,sklearn_knn,100.0,distance,cosine
ecfp__three_d_gnn,knn_svm,Val,not_all6_bad,11,KNeighborsRegressor,,,,,,,,,1.085366172815642,1.4335052017702956,1536,0.9542786761622306,0.7353397677247813,0.820015452733812,-0.1014647291687348,,,,,,,,,,,sklearn_knn,100.0,distance,cosine
ecfp__three_d_gnn,knn_svm,External,all,11,KNeighborsRegressor,,,,,,,,,1.085366172815642,1.4335052017702956,2251,1.4335052017702956,1.0408625838250378,0.4846002654654632,-0.181206004724307,,,,,,,,,,,sklearn_knn,100.0,distance,cosine
ecfp__three_d_gnn,knn_svm,External,all6_bad,11,KNeighborsRegressor,,,,,,,,,1.085366172815642,1.4335052017702956,256,3.0287410357834488,2.73161462324606,-0.2037700008275893,-0.6835939509528544,,,,,,,,,,,sklearn_knn,100.0,distance,cosine
ecfp__three_d_gnn,knn_svm,External,not_all6_bad,11,KNeighborsRegressor,,,,,,,,,1.085366172815642,1.4335052017702956,1995,1.0684131666839278,0.8239039261349218,0.6738995214242939,-0.1167391805466087,,,,,,,,,,,sklearn_knn,100.0,distance,cosine
chemberta__atom_gnn,xgb,Train,all,1,XGBRegressor,300.0,5.0,0.0235335350898612,0.7,0.45,3.0,0.01,1.0,0.8447314664665275,1.297405502097499,6437,0.2705590099815464,0.2066993117332458,0.9862622618675232,2.0052346371812743e-05,,,,,,,,,,,,,,
chemberta__atom_gnn,xgb,Train,not_all6_bad,1,XGBRegressor,300.0,5.0,0.0235335350898612,0.7,0.45,3.0,0.01,1.0,0.8447314664665275,1.297405502097499,6437,0.2705590099815464,0.2066993117332458,0.9862622618675232,2.0052346371812743e-05,,,,,,,,,,,,,,
chemberta__atom_gnn,xgb,Val,all,1,XGBRegressor,300.0,5.0,0.0235335350898612,0.7,0.45,3.0,0.01,1.0,0.8447314664665275,1.297405502097499,1610,0.8447314664665275,0.5882182717323303,0.8655117154121399,-0.0089854439720511,,,,,,,,,,,,,,
chemberta__atom_gnn,xgb,Val,all6_bad,1,XGBRegressor,300.0,5.0,0.0235335350898612,0.7,0.45,3.0,0.01,1.0,0.8447314664665275,1.297405502097499,74,2.4513770029021784,2.2857155799865723,0.4187498688697815,-0.3936735093593597,,,,,,,,,,,,,,
chemberta__atom_gnn,xgb,Val,not_all6_bad,1,XGBRegressor,300.0,5.0,0.0235335350898612,0.7,0.45,3.0,0.01,1.0,0.8447314664665275,1.297405502097499,1536,0.6770826388624493,0.5064377784729004,0.9093916416168212,0.0095477076247334,,,,,,,,,,,,,,
chemberta__atom_gnn,xgb,External,all,1,XGBRegressor,300.0,5.0,0.0235335350898612,0.7,0.45,3.0,0.01,1.0,0.8447314664665275,1.297405502097499,2251,1.297405502097499,0.8889403939247131,0.5778205394744873,-0.1047839596867561,,,,,,,,,,,,,,
chemberta__atom_gnn,xgb,External,all6_bad,1,XGBRegressor,300.0,5.0,0.0235335350898612,0.7,0.45,3.0,0.01,1.0,0.8447314664665275,1.297405502097499,256,3.0491298059524072,2.8003017902374268,-0.2200314998626709,-0.6983537077903748,,,,,,,,,,,,,,
chemberta__atom_gnn,xgb,External,not_all6_bad,1,XGBRegressor,300.0,5.0,0.0235335350898612,0.7,0.45,3.0,0.01,1.0,0.8447314664665275,1.297405502097499,1995,0.8403780989401819,0.6436728835105896,0.7982458472251892,-0.028616601601243,,,,,,,,,,,,,,
chemberta__atom_gnn,rf,Train,all,4,ExtraTreesRegressor,,,,,,,,,0.8300685579178657,1.2948751242480006,6437,0.1302894537103909,0.0799500470745913,0.9968142656582228,-2.8630887383528974e-17,"{'bootstrap': False, 'ccp_alpha': 0.0, 'criterion': 'squared_error', 'max_depth': 22, 'max_features': 0.4, 'max_leaf_nodes': None, 'max_samples': None, 'min_impurity_decrease': 0.0, 'min_samples_leaf': 4, 'min_samples_split': 2, 'min_weight_fraction_leaf': 0.0, 'monotonic_cst': None, 'n_estimators': 250, 'n_jobs': -1, 'oob_score': False, 'random_state': 271747, 'verbose': 0, 'warm_start': False}",,,,,,,,,,,,,
chemberta__atom_gnn,rf,Train,not_all6_bad,4,ExtraTreesRegressor,,,,,,,,,0.8300685579178657,1.2948751242480006,6437,0.1302894537103909,0.0799500470745913,0.9968142656582228,-2.8630887383528974e-17,"{'bootstrap': False, 'ccp_alpha': 0.0, 'criterion': 'squared_error', 'max_depth': 22, 'max_features': 0.4, 'max_leaf_nodes': None, 'max_samples': None, 'min_impurity_decrease': 0.0, 'min_samples_leaf': 4, 'min_samples_split': 2, 'min_weight_fraction_leaf': 0.0, 'monotonic_cst': None, 'n_estimators': 250, 'n_jobs': -1, 'oob_score': False, 'random_state': 271747, 'verbose': 0, 'warm_start': False}",,,,,,,,,,,,,
chemberta__atom_gnn,rf,Val,all,4,ExtraTreesRegressor,,,,,,,,,0.8300685579178657,1.2948751242480006,1610,0.8300685579178657,0.5804111629187192,0.8701401029401624,-0.0057572788825965,"{'bootstrap': False, 'ccp_alpha': 0.0, 'criterion': 'squared_error', 'max_depth': 22, 'max_features': 0.4, 'max_leaf_nodes': None, 'max_samples': None, 'min_impurity_decrease': 0.0, 'min_samples_leaf': 4, 'min_samples_split': 2, 'min_weight_fraction_leaf': 0.0, 'monotonic_cst': None, 'n_estimators': 250, 'n_jobs': -1, 'oob_score': False, 'random_state': 271747, 'verbose': 0, 'warm_start': False}",,,,,,,,,,,,,
chemberta__atom_gnn,rf,Val,all6_bad,4,ExtraTreesRegressor,,,,,,,,,0.8300685579178657,1.2948751242480006,74,2.406189218350987,2.263762017421389,0.4399815011768155,-0.3393692406886506,"{'bootstrap': False, 'ccp_alpha': 0.0, 'criterion': 'squared_error', 'max_depth': 22, 'max_features': 0.4, 'max_leaf_nodes': None, 'max_samples': None, 'min_impurity_decrease': 0.0, 'min_samples_leaf': 4, 'min_samples_split': 2, 'min_weight_fraction_leaf': 0.0, 'monotonic_cst': None, 'n_estimators': 250, 'n_jobs': -1, 'oob_score': False, 'random_state': 271747, 'verbose': 0, 'warm_start': False}",,,,,,,,,,,,,
chemberta__atom_gnn,rf,Val,not_all6_bad,4,ExtraTreesRegressor,,,,,,,,,0.8300685579178657,1.2948751242480006,1536,0.6657892942900551,0.4993122285221061,0.9123890486593752,0.0103151724023305,"{'bootstrap': False, 'ccp_alpha': 0.0, 'criterion': 'squared_error', 'max_depth': 22, 'max_features': 0.4, 'max_leaf_nodes': None, 'max_samples': None, 'min_impurity_decrease': 0.0, 'min_samples_leaf': 4, 'min_samples_split': 2, 'min_weight_fraction_leaf': 0.0, 'monotonic_cst': None, 'n_estimators': 250, 'n_jobs': -1, 'oob_score': False, 'random_state': 271747, 'verbose': 0, 'warm_start': False}",,,,,,,,,,,,,
chemberta__atom_gnn,rf,External,all,4,ExtraTreesRegressor,,,,,,,,,0.8300685579178657,1.2948751242480006,2251,1.2948751242480006,0.8879168632538816,0.5794657041654954,-0.1602028993108135,"{'bootstrap': False, 'ccp_alpha': 0.0, 'criterion': 'squared_error', 'max_depth': 22, 'max_features': 0.4, 'max_leaf_nodes': None, 'max_samples': None, 'min_impurity_decrease': 0.0, 'min_samples_leaf': 4, 'min_samples_split': 2, 'min_weight_fraction_leaf': 0.0, 'monotonic_cst': None, 'n_estimators': 250, 'n_jobs': -1, 'oob_score': False, 'random_state': 271747, 'verbose': 0, 'warm_start': False}",,,,,,,,,,,,,
chemberta__atom_gnn,rf,External,all6_bad,4,ExtraTreesRegressor,,,,,,,,,0.8300685579178657,1.2948751242480006,256,3.028883466318323,2.791674583038299,-0.2038832212280616,-0.738483395453171,"{'bootstrap': False, 'ccp_alpha': 0.0, 'criterion': 'squared_error', 'max_depth': 22, 'max_features': 0.4, 'max_leaf_nodes': None, 'max_samples': None, 'min_impurity_decrease': 0.0, 'min_samples_leaf': 4, 'min_samples_split': 2, 'min_weight_fraction_leaf': 0.0, 'monotonic_cst': None, 'n_estimators': 250, 'n_jobs': -1, 'oob_score': False, 'random_state': 271747, 'verbose': 0, 'warm_start': False}",,,,,,,,,,,,,
chemberta__atom_gnn,rf,External,not_all6_bad,4,ExtraTreesRegressor,,,,,,,,,0.8300685579178657,1.2948751242480006,1995,0.8453549030852434,0.6436251458279112,0.7958491816702022,-0.0859974822619697,"{'bootstrap': False, 'ccp_alpha': 0.0, 'criterion': 'squared_error', 'max_depth': 22, 'max_features': 0.4, 'max_leaf_nodes': None, 'max_samples': None, 'min_impurity_decrease': 0.0, 'min_samples_leaf': 4, 'min_samples_split': 2, 'min_weight_fraction_leaf': 0.0, 'monotonic_cst': None, 'n_estimators': 250, 'n_jobs': -1, 'oob_score': False, 'random_state': 271747, 'verbose': 0, 'warm_start': False}",,,,,,,,,,,,,
chemberta__atom_gnn,mlp,Train,all,6,TorchMLP,,,,,,,,,0.857659482944627,1.31966989442688,6437,0.2393696037237016,0.1715190112590789,0.9892470240592957,0.0289321094751358,,256.0,2.0,0.1,0.0004832995263967,8.203319199436395e-06,128.0,220.0,41.0,cuda:0,,,,
chemberta__atom_gnn,mlp,Train,not_all6_bad,6,TorchMLP,,,,,,,,,0.857659482944627,1.31966989442688,6437,0.2393696037237016,0.1715190112590789,0.9892470240592957,0.0289321094751358,,256.0,2.0,0.1,0.0004832995263967,8.203319199436395e-06,128.0,220.0,41.0,cuda:0,,,,
chemberta__atom_gnn,mlp,Val,all,6,TorchMLP,,,,,,,,,0.857659482944627,1.31966989442688,1610,0.857659482944627,0.5970109701156616,0.8613637089729309,0.0309096612036228,,256.0,2.0,0.1,0.0004832995263967,8.203319199436395e-06,128.0,220.0,41.0,cuda:0,,,,
chemberta__atom_gnn,mlp,Val,all6_bad,6,TorchMLP,,,,,,,,,0.857659482944627,1.31966989442688,74,2.4348766196949705,2.259157657623291,0.426548421382904,-0.3686937689781189,,256.0,2.0,0.1,0.0004832995263967,8.203319199436395e-06,128.0,220.0,41.0,cuda:0,,,,
chemberta__atom_gnn,mlp,Val,not_all6_bad,6,TorchMLP,,,,,,,,,0.857659482944627,1.31966989442688,1536,0.6967022540579314,0.5169336199760437,0.9040645360946656,0.0501613914966583,,256.0,2.0,0.1,0.0004832995263967,8.203319199436395e-06,128.0,220.0,41.0,cuda:0,,,,
chemberta__atom_gnn,mlp,External,all,6,TorchMLP,,,,,,,,,0.857659482944627,1.31966989442688,2251,1.31966989442688,0.907144010066986,0.5632064342498779,0.0036964975297451,,256.0,2.0,0.1,0.0004832995263967,8.203319199436395e-06,128.0,220.0,41.0,cuda:0,,,,
chemberta__atom_gnn,mlp,External,all6_bad,6,TorchMLP,,,,,,,,,0.857659482944627,1.31966989442688,256,3.013843385633202,2.7473764419555664,-0.1919569969177246,-0.6182587146759033,,256.0,2.0,0.1,0.0004832995263967,8.203319199436395e-06,128.0,220.0,41.0,cuda:0,,,,
chemberta__atom_gnn,mlp,External,not_all6_bad,6,TorchMLP,,,,,,,,,0.857659482944627,1.31966989442688,1995,0.8941100349043185,0.6710039377212524,0.7716216444969177,0.0835062861442565,,256.0,2.0,0.1,0.0004832995263967,8.203319199436395e-06,128.0,220.0,41.0,cuda:0,,,,
chemberta__atom_gnn,ridge,Train,all,9,elastic_alpha_0.001_l1_0.5,,,,,,,,,0.872020006597749,1.3228808821196214,6437,0.3736081320093558,0.2813810110092163,0.9738047122955322,-6.963289056471922e-09,"{'alpha': 0.001, 'copy_X': True, 'fit_intercept': True, 'l1_ratio': 0.5, 'max_iter': 5000, 'positive': False, 'precompute': False, 'random_state': 271817, 'selection': 'cyclic', 'tol': 0.0001, 'warm_start': False}",,,,,,,,,,,,,
chemberta__atom_gnn,ridge,Train,not_all6_bad,9,elastic_alpha_0.001_l1_0.5,,,,,,,,,0.872020006597749,1.3228808821196214,6437,0.3736081320093558,0.2813810110092163,0.9738047122955322,-6.963289056471922e-09,"{'alpha': 0.001, 'copy_X': True, 'fit_intercept': True, 'l1_ratio': 0.5, 'max_iter': 5000, 'positive': False, 'precompute': False, 'random_state': 271817, 'selection': 'cyclic', 'tol': 0.0001, 'warm_start': False}",,,,,,,,,,,,,
chemberta__atom_gnn,ridge,Val,all,9,elastic_alpha_0.001_l1_0.5,,,,,,,,,0.872020006597749,1.3228808821196214,1610,0.872020006597749,0.6148353815078735,0.8566822409629822,0.0005226336652413,"{'alpha': 0.001, 'copy_X': True, 'fit_intercept': True, 'l1_ratio': 0.5, 'max_iter': 5000, 'positive': False, 'precompute': False, 'random_state': 271817, 'selection': 'cyclic', 'tol': 0.0001, 'warm_start': False}",,,,,,,,,,,,,
chemberta__atom_gnn,ridge,Val,all6_bad,9,elastic_alpha_0.001_l1_0.5,,,,,,,,,0.872020006597749,1.3228808821196214,74,2.437018126760384,2.2596585750579834,0.4255392551422119,-0.405973732471466,"{'alpha': 0.001, 'copy_X': True, 'fit_intercept': True, 'l1_ratio': 0.5, 'max_iter': 5000, 'positive': False, 'precompute': False, 'random_state': 271817, 'selection': 'cyclic', 'tol': 0.0001, 'warm_start': False}",,,,,,,,,,,,,
chemberta__atom_gnn,ridge,Val,not_all6_bad,9,elastic_alpha_0.001_l1_0.5,,,,,,,,,0.872020006597749,1.3228808821196214,1536,0.7147917598308109,0.5355926156044006,0.8990180492401123,0.0201064441353082,"{'alpha': 0.001, 'copy_X': True, 'fit_intercept': True, 'l1_ratio': 0.5, 'max_iter': 5000, 'positive': False, 'precompute': False, 'random_state': 271817, 'selection': 'cyclic', 'tol': 0.0001, 'warm_start': False}",,,,,,,,,,,,,
chemberta__atom_gnn,ridge,External,all,9,elastic_alpha_0.001_l1_0.5,,,,,,,,,0.872020006597749,1.3228808821196214,2251,1.3228808821196214,0.9158806800842284,0.5610782504081726,-0.0938021689653396,"{'alpha': 0.001, 'copy_X': True, 'fit_intercept': True, 'l1_ratio': 0.5, 'max_iter': 5000, 'positive': False, 'precompute': False, 'random_state': 271817, 'selection': 'cyclic', 'tol': 0.0001, 'warm_start': False}",,,,,,,,,,,,,
chemberta__atom_gnn,ridge,External,all6_bad,9,elastic_alpha_0.001_l1_0.5,,,,,,,,,0.872020006597749,1.3228808821196214,256,3.059541947482623,2.7825019359588623,-0.2283780574798584,-0.6585788130760193,"{'alpha': 0.001, 'copy_X': True, 'fit_intercept': True, 'l1_ratio': 0.5, 'max_iter': 5000, 'positive': False, 'precompute': False, 'random_state': 271817, 'selection': 'cyclic', 'tol': 0.0001, 'warm_start': False}",,,,,,,,,,,,,
chemberta__atom_gnn,ridge,External,not_all6_bad,9,elastic_alpha_0.001_l1_0.5,,,,,,,,,0.872020006597749,1.3228808821196214,1995,0.8794270985454317,0.6763544678688049,0.7790608406066895,-0.0213295631110668,"{'alpha': 0.001, 'copy_X': True, 'fit_intercept': True, 'l1_ratio': 0.5, 'max_iter': 5000, 'positive': False, 'precompute': False, 'random_state': 271817, 'selection': 'cyclic', 'tol': 0.0001, 'warm_start': False}",,,,,,,,,,,,,
chemberta__atom_gnn,knn_svm,Train,all,4,KNeighborsRegressor,,,,,,,,,0.9030183975329186,1.439072977171594,6437,3.9006420602632324e-07,2.69577919822785e-07,0.9999999999999716,-1.471733491920708e-08,,,,,,,,,,,sklearn_knn,10.0,distance,euclidean
chemberta__atom_gnn,knn_svm,Train,not_all6_bad,4,KNeighborsRegressor,,,,,,,,,0.9030183975329186,1.439072977171594,6437,3.9006420602632324e-07,2.69577919822785e-07,0.9999999999999716,-1.471733491920708e-08,,,,,,,,,,,sklearn_knn,10.0,distance,euclidean
chemberta__atom_gnn,knn_svm,Val,all,4,KNeighborsRegressor,,,,,,,,,0.9030183975329186,1.439072977171594,1610,0.9030183975329186,0.6390137088586998,0.8463118708264268,-0.0088616308182811,,,,,,,,,,,sklearn_knn,10.0,distance,euclidean
chemberta__atom_gnn,knn_svm,Val,all6_bad,4,KNeighborsRegressor,,,,,,,,,0.9030183975329186,1.439072977171594,74,2.44797742849975,2.2435889113263,0.4203609468944969,-0.3561064664075483,,,,,,,,,,,sklearn_knn,10.0,distance,euclidean
chemberta__atom_gnn,knn_svm,Val,not_all6_bad,4,KNeighborsRegressor,,,,,,,,,0.9030183975329186,1.439072977171594,1536,0.7523444546217827,0.5617099556148181,0.8881288172641677,0.0078676125629726,,,,,,,,,,,sklearn_knn,10.0,distance,euclidean
chemberta__atom_gnn,knn_svm,External,all,4,KNeighborsRegressor,,,,,,,,,0.9030183975329186,1.439072977171594,2251,1.439072977171594,0.9833517709323594,0.4805888355482905,-0.1088023235427954,,,,,,,,,,,sklearn_knn,10.0,distance,euclidean
chemberta__atom_gnn,knn_svm,External,all6_bad,4,KNeighborsRegressor,,,,,,,,,0.9030183975329186,1.439072977171594,256,3.2347062291666373,2.8907772388980675,-0.3730581246143822,-0.6748072449704439,,,,,,,,,,,sklearn_knn,10.0,distance,euclidean
chemberta__atom_gnn,knn_svm,External,not_all6_bad,4,KNeighborsRegressor,,,,,,,,,0.9030183975329186,1.439072977171594,1995,0.9970016988556792,0.7385894051182134,0.7160350291650027,-0.0361721180864155,,,,,,,,,,,sklearn_knn,10.0,distance,euclidean
chemberta__brics_gnn,xgb,Train,all,4,XGBRegressor,1100.0,6.0,0.0234841957711865,0.7,0.85,10.0,0.01,5.0,0.8560235998073441,1.2940976841299718,6437,0.0996352377208785,0.0733900219202041,0.9981369972229004,2.8184023904032077e-05,,,,,,,,,,,,,,
chemberta__brics_gnn,xgb,Train,not_all6_bad,4,XGBRegressor,1100.0,6.0,0.0234841957711865,0.7,0.85,10.0,0.01,5.0,0.8560235998073441,1.2940976841299718,6437,0.0996352377208785,0.0733900219202041,0.9981369972229004,2.8184023904032077e-05,,,,,,,,,,,,,,
chemberta__brics_gnn,xgb,Val,all,4,XGBRegressor,1100.0,6.0,0.0234841957711865,0.7,0.85,10.0,0.01,5.0,0.8560235998073441,1.2940976841299718,1610,0.8560235998073441,0.5932577252388,0.8618921041488647,-0.0067865145392715,,,,,,,,,,,,,,
chemberta__brics_gnn,xgb,Val,all6_bad,4,XGBRegressor,1100.0,6.0,0.0234841957711865,0.7,0.85,10.0,0.01,5.0,0.8560235998073441,1.2940976841299718,74,2.464753404705692,2.2940495014190674,0.4123891592025757,-0.3893228769302368,,,,,,,,,,,,,,
chemberta__brics_gnn,xgb,Val,not_all6_bad,4,XGBRegressor,1100.0,6.0,0.0234841957711865,0.7,0.85,10.0,0.01,5.0,0.8560235998073441,1.2940976841299718,1536,0.6894948584701674,0.5113185048103333,0.9060391783714294,0.0116429710760712,,,,,,,,,,,,,,
chemberta__brics_gnn,xgb,External,all,4,XGBRegressor,1100.0,6.0,0.0234841957711865,0.7,0.85,10.0,0.01,5.0,0.8560235998073441,1.2940976841299718,2251,1.2940976841299718,0.8836500644683838,0.5799705386161804,-0.0600451044738292,,,,,,,,,,,,,,
chemberta__brics_gnn,xgb,External,all6_bad,4,XGBRegressor,1100.0,6.0,0.0234841957711865,0.7,0.85,10.0,0.01,5.0,0.8560235998073441,1.2940976841299718,256,3.02766710092699,2.768847703933716,-0.2029163837432861,-0.6548436284065247,,,,,,,,,,,,,,
chemberta__brics_gnn,xgb,External,not_all6_bad,4,XGBRegressor,1100.0,6.0,0.0234841957711865,0.7,0.85,10.0,0.01,5.0,0.8560235998073441,1.2940976841299718,1995,0.8445704674238734,0.6417399644851685,0.7962278723716736,0.0162799172103405,,,,,,,,,,,,,,
chemberta__brics_gnn,rf,Train,all,2,ExtraTreesRegressor,,,,,,,,,0.8440069313003948,1.2716409051075417,6437,0.0905960676440612,0.0531954126300534,0.9984596843582602,-1.428094864672409e-17,"{'bootstrap': False, 'ccp_alpha': 0.0, 'criterion': 'squared_error', 'max_depth': 22, 'max_features': 'sqrt', 'max_leaf_nodes': None, 'max_samples': None, 'min_impurity_decrease': 0.0, 'min_samples_leaf': 2, 'min_samples_split': 2, 'min_weight_fraction_leaf': 0.0, 'monotonic_cst': None, 'n_estimators': 600, 'n_jobs': -1, 'oob_score': False, 'random_state': 272745, 'verbose': 0, 'warm_start': False}",,,,,,,,,,,,,
chemberta__brics_gnn,rf,Train,not_all6_bad,2,ExtraTreesRegressor,,,,,,,,,0.8440069313003948,1.2716409051075417,6437,0.0905960676440612,0.0531954126300534,0.9984596843582602,-1.428094864672409e-17,"{'bootstrap': False, 'ccp_alpha': 0.0, 'criterion': 'squared_error', 'max_depth': 22, 'max_features': 'sqrt', 'max_leaf_nodes': None, 'max_samples': None, 'min_impurity_decrease': 0.0, 'min_samples_leaf': 2, 'min_samples_split': 2, 'min_weight_fraction_leaf': 0.0, 'monotonic_cst': None, 'n_estimators': 600, 'n_jobs': -1, 'oob_score': False, 'random_state': 272745, 'verbose': 0, 'warm_start': False}",,,,,,,,,,,,,
chemberta__brics_gnn,rf,Val,all,2,ExtraTreesRegressor,,,,,,,,,0.8440069313003948,1.2716409051075417,1610,0.8440069313003948,0.5952665686786343,0.8657423152515449,-0.0153283662666154,"{'bootstrap': False, 'ccp_alpha': 0.0, 'criterion': 'squared_error', 'max_depth': 22, 'max_features': 'sqrt', 'max_leaf_nodes': None, 'max_samples': None, 'min_impurity_decrease': 0.0, 'min_samples_leaf': 2, 'min_samples_split': 2, 'min_weight_fraction_leaf': 0.0, 'monotonic_cst': None, 'n_estimators': 600, 'n_jobs': -1, 'oob_score': False, 'random_state': 272745, 'verbose': 0, 'warm_start': False}",,,,,,,,,,,,,
chemberta__brics_gnn,rf,Val,all6_bad,2,ExtraTreesRegressor,,,,,,,,,0.8440069313003948,1.2716409051075417,74,2.3996119108483644,2.267874902130757,0.4430389328602102,-0.3055518220719829,"{'bootstrap': False, 'ccp_alpha': 0.0, 'criterion': 'squared_error', 'max_depth': 22, 'max_features': 'sqrt', 'max_leaf_nodes': None, 'max_samples': None, 'min_impurity_decrease': 0.0, 'min_samples_leaf': 2, 'min_samples_split': 2, 'min_weight_fraction_leaf': 0.0, 'monotonic_cst': None, 'n_estimators': 600, 'n_jobs': -1, 'oob_score': False, 'random_state': 272745, 'verbose': 0, 'warm_start': False}",,,,,,,,,,,,,
chemberta__brics_gnn,rf,Val,not_all6_bad,2,ExtraTreesRegressor,,,,,,,,,0.8440069313003948,1.2716409051075417,1536,0.6850228265923212,0.5146851776138835,0.9072540683656808,-0.0013462466509923,"{'bootstrap': False, 'ccp_alpha': 0.0, 'criterion': 'squared_error', 'max_depth': 22, 'max_features': 'sqrt', 'max_leaf_nodes': None, 'max_samples': None, 'min_impurity_decrease': 0.0, 'min_samples_leaf': 2, 'min_samples_split': 2, 'min_weight_fraction_leaf': 0.0, 'monotonic_cst': None, 'n_estimators': 600, 'n_jobs': -1, 'oob_score': False, 'random_state': 272745, 'verbose': 0, 'warm_start': False}",,,,,,,,,,,,,
chemberta__brics_gnn,rf,External,all,2,ExtraTreesRegressor,,,,,,,,,0.8440069313003948,1.2716409051075417,2251,1.2716409051075417,0.8674701424172873,0.5944217816450446,-0.0923203708828142,"{'bootstrap': False, 'ccp_alpha': 0.0, 'criterion': 'squared_error', 'max_depth': 22, 'max_features': 'sqrt', 'max_leaf_nodes': None, 'max_samples': None, 'min_impurity_decrease': 0.0, 'min_samples_leaf': 2, 'min_samples_split': 2, 'min_weight_fraction_leaf': 0.0, 'monotonic_cst': None, 'n_estimators': 600, 'n_jobs': -1, 'oob_score': False, 'random_state': 272745, 'verbose': 0, 'warm_start': False}",,,,,,,,,,,,,
chemberta__brics_gnn,rf,External,all6_bad,2,ExtraTreesRegressor,,,,,,,,,0.8440069313003948,1.2716409051075417,256,3.0201245383931767,2.7693572367901904,-0.1969305075581313,-0.7008249874022165,"{'bootstrap': False, 'ccp_alpha': 0.0, 'criterion': 'squared_error', 'max_depth': 22, 'max_features': 'sqrt', 'max_leaf_nodes': None, 'max_samples': None, 'min_impurity_decrease': 0.0, 'min_samples_leaf': 2, 'min_samples_split': 2, 'min_weight_fraction_leaf': 0.0, 'monotonic_cst': None, 'n_estimators': 600, 'n_jobs': -1, 'oob_score': False, 'random_state': 272745, 'verbose': 0, 'warm_start': False}",,,,,,,,,,,,,
chemberta__brics_gnn,rf,External,not_all6_bad,2,ExtraTreesRegressor,,,,,,,,,0.8440069313003948,1.2716409051075417,1995,0.8087897240431816,0.6234184651443734,0.8131280046836595,-0.0142365704672918,"{'bootstrap': False, 'ccp_alpha': 0.0, 'criterion': 'squared_error', 'max_depth': 22, 'max_features': 'sqrt', 'max_leaf_nodes': None, 'max_samples': None, 'min_impurity_decrease': 0.0, 'min_samples_leaf': 2, 'min_samples_split': 2, 'min_weight_fraction_leaf': 0.0, 'monotonic_cst': None, 'n_estimators': 600, 'n_jobs': -1, 'oob_score': False, 'random_state': 272745, 'verbose': 0, 'warm_start': False}",,,,,,,,,,,,,
chemberta__brics_gnn,mlp,Train,all,4,TorchMLP,,,,,,,,,0.8631752605016562,1.322286540870394,6437,0.2929083316809996,0.2153592407703399,0.983898937702179,0.0172585174441337,,384.0,1.0,0.1,0.0016883655975129,2.711060880748925e-05,512.0,220.0,35.0,cuda:0,,,,
chemberta__brics_gnn,mlp,Train,not_all6_bad,4,TorchMLP,,,,,,,,,0.8631752605016562,1.322286540870394,6437,0.2929083316809996,0.2153592407703399,0.983898937702179,0.0172585174441337,,384.0,1.0,0.1,0.0016883655975129,2.711060880748925e-05,512.0,220.0,35.0,cuda:0,,,,
chemberta__brics_gnn,mlp,Val,all,4,TorchMLP,,,,,,,,,0.8631752605016562,1.322286540870394,1610,0.8631752605016562,0.6050806045532227,0.8595747947692871,0.0224613733589649,,384.0,1.0,0.1,0.0016883655975129,2.711060880748925e-05,512.0,220.0,35.0,cuda:0,,,,
chemberta__brics_gnn,mlp,Val,all6_bad,4,TorchMLP,,,,,,,,,0.8631752605016562,1.322286540870394,74,2.423439455800156,2.2496981620788574,0.4319230318069458,-0.3201901018619537,,384.0,1.0,0.1,0.0016883655975129,2.711060880748925e-05,512.0,220.0,35.0,cuda:0,,,,
chemberta__brics_gnn,mlp,Val,not_all6_bad,4,TorchMLP,,,,,,,,,0.8631752605016562,1.322286540870394,1536,0.705705337309793,0.5258477330207825,0.9015690684318542,0.0389693193137645,,384.0,1.0,0.1,0.0016883655975129,2.711060880748925e-05,512.0,220.0,35.0,cuda:0,,,,
chemberta__brics_gnn,mlp,External,all,4,TorchMLP,,,,,,,,,0.8631752605016562,1.322286540870394,2251,1.322286540870394,0.91593599319458,0.5614725351333618,-0.004182097967714,,384.0,1.0,0.1,0.0016883655975129,2.711060880748925e-05,512.0,220.0,35.0,cuda:0,,,,
chemberta__brics_gnn,mlp,External,all6_bad,4,TorchMLP,,,,,,,,,0.8631752605016562,1.322286540870394,256,3.008315007232331,2.749788761138916,-0.187588095664978,-0.6205828189849854,,384.0,1.0,0.1,0.0016883655975129,2.711060880748925e-05,512.0,220.0,35.0,cuda:0,,,,
chemberta__brics_gnn,mlp,External,not_all6_bad,4,TorchMLP,,,,,,,,,0.8631752605016562,1.322286540870394,1995,0.9008357009244914,0.6806145906448364,0.7681729197502136,0.0749149173498153,,384.0,1.0,0.1,0.0016883655975129,2.711060880748925e-05,512.0,220.0,35.0,cuda:0,,,,
chemberta__brics_gnn,ridge,Train,all,6,ridge_alpha_100.0,,,,,,,,,0.8842569872294543,1.3308618508000434,6437,0.3824330804603439,0.2870853543281555,0.9725525379180908,-1.6297060367875815e-09,"{'alpha': 100.0, 'copy_X': True, 'fit_intercept': True, 'max_iter': None, 'positive': False, 'random_state': None, 'solver': 'auto', 'tol': 0.0001}",,,,,,,,,,,,,
chemberta__brics_gnn,ridge,Train,not_all6_bad,6,ridge_alpha_100.0,,,,,,,,,0.8842569872294543,1.3308618508000434,6437,0.3824330804603439,0.2870853543281555,0.9725525379180908,-1.6297060367875815e-09,"{'alpha': 100.0, 'copy_X': True, 'fit_intercept': True, 'max_iter': None, 'positive': False, 'random_state': None, 'solver': 'auto', 'tol': 0.0001}",,,,,,,,,,,,,
chemberta__brics_gnn,ridge,Val,all,6,ridge_alpha_100.0,,,,,,,,,0.8842569872294543,1.3308618508000434,1610,0.8842569872294543,0.6277478337287903,0.852631688117981,-0.0041566020809113,"{'alpha': 100.0, 'copy_X': True, 'fit_intercept': True, 'max_iter': None, 'positive': False, 'random_state': None, 'solver': 'auto', 'tol': 0.0001}",,,,,,,,,,,,,
chemberta__brics_gnn,ridge,Val,all6_bad,6,ridge_alpha_100.0,,,,,,,,,0.8842569872294543,1.3308618508000434,74,2.458385391546232,2.272556781768799,0.4154216051101684,-0.40780970454216,"{'alpha': 100.0, 'copy_X': True, 'fit_intercept': True, 'max_iter': None, 'positive': False, 'random_state': None, 'solver': 'auto', 'tol': 0.0001}",,,,,,,,,,,,,
chemberta__brics_gnn,ridge,Val,not_all6_bad,6,ridge_alpha_100.0,,,,,,,,,0.8842569872294543,1.3308618508000434,1536,0.7269214440790484,0.5485057234764099,0.895561695098877,0.0152902239933609,"{'alpha': 100.0, 'copy_X': True, 'fit_intercept': True, 'max_iter': None, 'positive': False, 'random_state': None, 'solver': 'auto', 'tol': 0.0001}",,,,,,,,,,,,,
chemberta__brics_gnn,ridge,External,all,6,ridge_alpha_100.0,,,,,,,,,0.8842569872294543,1.3308618508000434,2251,1.3308618508000434,0.9241398572921752,0.555766224861145,-0.0637730360031127,"{'alpha': 100.0, 'copy_X': True, 'fit_intercept': True, 'max_iter': None, 'positive': False, 'random_state': None, 'solver': 'auto', 'tol': 0.0001}",,,,,,,,,,,,,
chemberta__brics_gnn,ridge,External,all6_bad,6,ridge_alpha_100.0,,,,,,,,,0.8842569872294543,1.3308618508000434,256,3.0527314071982534,2.769829273223877,-0.2229154109954834,-0.6667827367782593,"{'alpha': 100.0, 'copy_X': True, 'fit_intercept': True, 'max_iter': None, 'positive': False, 'random_state': None, 'solver': 'auto', 'tol': 0.0001}",,,,,,,,,,,,,
chemberta__brics_gnn,ridge,External,not_all6_bad,6,ridge_alpha_100.0,,,,,,,,,0.8842569872294543,1.3308618508000434,1995,0.8958967689114408,0.6872995495796204,0.7707079648971558,0.0136056300252676,"{'alpha': 100.0, 'copy_X': True, 'fit_intercept': True, 'max_iter': None, 'positive': False, 'random_state': None, 'solver': 'auto', 'tol': 0.0001}",,,,,,,,,,,,,
chemberta__brics_gnn,knn_svm,Train,all,5,KNeighborsRegressor,,,,,,,,,0.9254749125736722,1.4142159786729156,6437,9.034173066538168e-06,2.5191110766716896e-06,0.9999999999846833,9.825198158925044e-08,,,,,,,,,,,sklearn_knn,10.0,distance,cosine
chemberta__brics_gnn,knn_svm,Train,not_all6_bad,5,KNeighborsRegressor,,,,,,,,,0.9254749125736722,1.4142159786729156,6437,9.034173066538168e-06,2.5191110766716896e-06,0.9999999999846833,9.825198158925044e-08,,,,,,,,,,,sklearn_knn,10.0,distance,cosine
chemberta__brics_gnn,knn_svm,Val,all,5,KNeighborsRegressor,,,,,,,,,0.9254749125736722,1.4142159786729156,1610,0.9254749125736722,0.6579983670138667,0.8385729061720426,0.0020746500550925,,,,,,,,,,,sklearn_knn,10.0,distance,cosine
chemberta__brics_gnn,knn_svm,Val,all6_bad,5,KNeighborsRegressor,,,,,,,,,0.9254749125736722,1.4142159786729156,74,2.479737504565104,2.241655546089483,0.4052228970777732,-0.3414720862952841,,,,,,,,,,,sklearn_knn,10.0,distance,cosine
chemberta__brics_gnn,knn_svm,Val,not_all6_bad,5,KNeighborsRegressor,,,,,,,,,0.9254749125736722,1.4142159786729156,1536,0.7755785313138015,0.5817023831261091,0.8811124604929262,0.0186257298011393,,,,,,,,,,,sklearn_knn,10.0,distance,cosine
chemberta__brics_gnn,knn_svm,External,all,5,KNeighborsRegressor,,,,,,,,,0.9254749125736722,1.4142159786729156,2251,1.4142159786729156,0.9531790225047784,0.4983773665731148,-0.0456251153440391,,,,,,,,,,,sklearn_knn,10.0,distance,cosine
chemberta__brics_gnn,knn_svm,External,all6_bad,5,KNeighborsRegressor,,,,,,,,,0.9254749125736722,1.4142159786729156,256,3.234875886058333,2.8744697656902645,-0.3732021592598762,-0.6336805067849127,,,,,,,,,,,sklearn_knn,10.0,distance,cosine
chemberta__brics_gnn,knn_svm,External,not_all6_bad,5,KNeighborsRegressor,,,,,,,,,0.9254749125736722,1.4142159786729156,1995,0.955953080440078,0.7066374534544101,0.7389365173774,0.0298346241090252,,,,,,,,,,,sklearn_knn,10.0,distance,cosine
chemberta__murcko_gnn,xgb,Train,all,3,XGBRegressor,800.0,6.0,0.0350835237414946,0.85,0.85,1.0,0.001,5.0,0.8589180511779769,1.302046472663477,6437,0.0778260292122566,0.0561989285051822,0.9988633394241332,1.3197905900597108e-05,,,,,,,,,,,,,,
chemberta__murcko_gnn,xgb,Train,not_all6_bad,3,XGBRegressor,800.0,6.0,0.0350835237414946,0.85,0.85,1.0,0.001,5.0,0.8589180511779769,1.302046472663477,6437,0.0778260292122566,0.0561989285051822,0.9988633394241332,1.3197905900597108e-05,,,,,,,,,,,,,,
chemberta__murcko_gnn,xgb,Val,all,3,XGBRegressor,800.0,6.0,0.0350835237414946,0.85,0.85,1.0,0.001,5.0,0.8589180511779769,1.302046472663477,1610,0.8589180511779769,0.5977429151535034,0.8609565496444702,-0.0047459076158702,,,,,,,,,,,,,,
chemberta__murcko_gnn,xgb,Val,all6_bad,3,XGBRegressor,800.0,6.0,0.0350835237414946,0.85,0.85,1.0,0.001,5.0,0.8589180511779769,1.302046472663477,74,2.487931399101865,2.290112972259521,0.4012856483459472,-0.4161965250968933,,,,,,,,,,,,,,
chemberta__murcko_gnn,xgb,Val,not_all6_bad,3,XGBRegressor,800.0,6.0,0.0350835237414946,0.85,0.85,1.0,0.001,5.0,0.8589180511779769,1.302046472663477,1536,0.6892573697398692,0.5162094235420227,0.9061039090156556,0.0150765823200345,,,,,,,,,,,,,,
chemberta__murcko_gnn,xgb,External,all,3,XGBRegressor,800.0,6.0,0.0350835237414946,0.85,0.85,1.0,0.001,5.0,0.8589180511779769,1.302046472663477,2251,1.302046472663477,0.8861851096153259,0.5747947692871094,-0.0581344403326511,,,,,,,,,,,,,,
chemberta__murcko_gnn,xgb,External,all6_bad,3,XGBRegressor,800.0,6.0,0.0350835237414946,0.85,0.85,1.0,0.001,5.0,0.8589180511779769,1.302046472663477,256,3.0380758924817868,2.76712417602539,-0.2112016677856445,-0.6807500720024109,,,,,,,,,,,,,,
chemberta__murcko_gnn,xgb,External,not_all6_bad,3,XGBRegressor,800.0,6.0,0.0350835237414946,0.85,0.85,1.0,0.001,5.0,0.8589180511779769,1.302046472663477,1995,0.8535114000159124,0.6448215246200562,0.7918906211853027,0.0217600930482149,,,,,,,,,,,,,,
chemberta__murcko_gnn,rf,Train,all,4,ExtraTreesRegressor,,,,,,,,,0.8470505363047686,1.275967538839162,6437,0.1275174762418262,0.0910642998087823,0.996948380028261,5.684783422657318e-17,"{'bootstrap': False, 'ccp_alpha': 0.0, 'criterion': 'squared_error', 'max_depth': 14, 'max_features': 'sqrt', 'max_leaf_nodes': None, 'max_samples': None, 'min_impurity_decrease': 0.0, 'min_samples_leaf': 1, 'min_samples_split': 2, 'min_weight_fraction_leaf': 0.0, 'monotonic_cst': None, 'n_estimators': 600, 'n_jobs': -1, 'oob_score': False, 'random_state': 273747, 'verbose': 0, 'warm_start': False}",,,,,,,,,,,,,
chemberta__murcko_gnn,rf,Train,not_all6_bad,4,ExtraTreesRegressor,,,,,,,,,0.8470505363047686,1.275967538839162,6437,0.1275174762418262,0.0910642998087823,0.996948380028261,5.684783422657318e-17,"{'bootstrap': False, 'ccp_alpha': 0.0, 'criterion': 'squared_error', 'max_depth': 14, 'max_features': 'sqrt', 'max_leaf_nodes': None, 'max_samples': None, 'min_impurity_decrease': 0.0, 'min_samples_leaf': 1, 'min_samples_split': 2, 'min_weight_fraction_leaf': 0.0, 'monotonic_cst': None, 'n_estimators': 600, 'n_jobs': -1, 'oob_score': False, 'random_state': 273747, 'verbose': 0, 'warm_start': False}",,,,,,,,,,,,,
chemberta__murcko_gnn,rf,Val,all,4,ExtraTreesRegressor,,,,,,,,,0.8470505363047686,1.275967538839162,1610,0.8470505363047686,0.5977528245528728,0.8647722660038195,-0.0146207622087391,"{'bootstrap': False, 'ccp_alpha': 0.0, 'criterion': 'squared_error', 'max_depth': 14, 'max_features': 'sqrt', 'max_leaf_nodes': None, 'max_samples': None, 'min_impurity_decrease': 0.0, 'min_samples_leaf': 1, 'min_samples_split': 2, 'min_weight_fraction_leaf': 0.0, 'monotonic_cst': None, 'n_estimators': 600, 'n_jobs': -1, 'oob_score': False, 'random_state': 273747, 'verbose': 0, 'warm_start': False}",,,,,,,,,,,,,
chemberta__murcko_gnn,rf,Val,all6_bad,4,ExtraTreesRegressor,,,,,,,,,0.8470505363047686,1.275967538839162,74,2.4389218246489466,2.284152401668901,0.4246414382216569,-0.3268880438447919,"{'bootstrap': False, 'ccp_alpha': 0.0, 'criterion': 'squared_error', 'max_depth': 14, 'max_features': 'sqrt', 'max_leaf_nodes': None, 'max_samples': None, 'min_impurity_decrease': 0.0, 'min_samples_leaf': 1, 'min_samples_split': 2, 'min_weight_fraction_leaf': 0.0, 'monotonic_cst': None, 'n_estimators': 600, 'n_jobs': -1, 'oob_score': False, 'random_state': 273747, 'verbose': 0, 'warm_start': False}",,,,,,,,,,,,,
chemberta__murcko_gnn,rf,Val,not_all6_bad,4,ExtraTreesRegressor,,,,,,,,,0.8470505363047686,1.275967538839162,1536,0.6822666288938918,0.516507011592856,0.9079988957086343,0.0004233646409144,"{'bootstrap': False, 'ccp_alpha': 0.0, 'criterion': 'squared_error', 'max_depth': 14, 'max_features': 'sqrt', 'max_leaf_nodes': None, 'max_samples': None, 'min_impurity_decrease': 0.0, 'min_samples_leaf': 1, 'min_samples_split': 2, 'min_weight_fraction_leaf': 0.0, 'monotonic_cst': None, 'n_estimators': 600, 'n_jobs': -1, 'oob_score': False, 'random_state': 273747, 'verbose': 0, 'warm_start': False}",,,,,,,,,,,,,
chemberta__murcko_gnn,rf,External,all,4,ExtraTreesRegressor,,,,,,,,,0.8470505363047686,1.275967538839162,2251,1.275967538839162,0.8656967714988356,0.5916572061407717,-0.091148280773908,"{'bootstrap': False, 'ccp_alpha': 0.0, 'criterion': 'squared_error', 'max_depth': 14, 'max_features': 'sqrt', 'max_leaf_nodes': None, 'max_samples': None, 'min_impurity_decrease': 0.0, 'min_samples_leaf': 1, 'min_samples_split': 2, 'min_weight_fraction_leaf': 0.0, 'monotonic_cst': None, 'n_estimators': 600, 'n_jobs': -1, 'oob_score': False, 'random_state': 273747, 'verbose': 0, 'warm_start': False}",,,,,,,,,,,,,
chemberta__murcko_gnn,rf,External,all6_bad,4,ExtraTreesRegressor,,,,,,,,,0.8470505363047686,1.275967538839162,256,3.033354941197038,2.7780678641171352,-0.2074403782742995,-0.7186885103617509,"{'bootstrap': False, 'ccp_alpha': 0.0, 'criterion': 'squared_error', 'max_depth': 14, 'max_features': 'sqrt', 'max_leaf_nodes': None, 'max_samples': None, 'min_impurity_decrease': 0.0, 'min_samples_leaf': 1, 'min_samples_split': 2, 'min_weight_fraction_leaf': 0.0, 'monotonic_cst': None, 'n_estimators': 600, 'n_jobs': -1, 'oob_score': False, 'random_state': 273747, 'verbose': 0, 'warm_start': False}",,,,,,,,,,,,,
chemberta__murcko_gnn,rf,External,not_all6_bad,4,ExtraTreesRegressor,,,,,,,,,0.8470505363047686,1.275967538839162,1995,0.8101238187886901,0.6202997791628533,0.81251100732756,-0.0106218152227863,"{'bootstrap': False, 'ccp_alpha': 0.0, 'criterion': 'squared_error', 'max_depth': 14, 'max_features': 'sqrt', 'max_leaf_nodes': None, 'max_samples': None, 'min_impurity_decrease': 0.0, 'min_samples_leaf': 1, 'min_samples_split': 2, 'min_weight_fraction_leaf': 0.0, 'monotonic_cst': None, 'n_estimators': 600, 'n_jobs': -1, 'oob_score': False, 'random_state': 273747, 'verbose': 0, 'warm_start': False}",,,,,,,,,,,,,
chemberta__murcko_gnn,mlp,Train,all,3,TorchMLP,,,,,,,,,0.8629807859869923,1.3162559627242123,6437,0.2912404772630167,0.2122762352228164,0.98408180475235,0.0366073735058307,,256.0,2.0,0.05,0.0003176825400886,3.332543488227547e-05,256.0,220.0,33.0,cuda:0,,,,
chemberta__murcko_gnn,mlp,Train,not_all6_bad,3,TorchMLP,,,,,,,,,0.8629807859869923,1.3162559627242123,6437,0.2912404772630167,0.2122762352228164,0.98408180475235,0.0366073735058307,,256.0,2.0,0.05,0.0003176825400886,3.332543488227547e-05,256.0,220.0,33.0,cuda:0,,,,
chemberta__murcko_gnn,mlp,Val,all,3,TorchMLP,,,,,,,,,0.8629807859869923,1.3162559627242123,1610,0.8629807859869923,0.603425920009613,0.8596380352973938,0.0390781909227371,,256.0,2.0,0.05,0.0003176825400886,3.332543488227547e-05,256.0,220.0,33.0,cuda:0,,,,
chemberta__murcko_gnn,mlp,Val,all6_bad,3,TorchMLP,,,,,,,,,0.8629807859869923,1.3162559627242123,74,2.4512656387693936,2.267759084701538,0.4188026785850525,-0.3073777258396148,,256.0,2.0,0.05,0.0003176825400886,3.332543488227547e-05,256.0,220.0,33.0,cuda:0,,,,
chemberta__murcko_gnn,mlp,Val,not_all6_bad,3,TorchMLP,,,,,,,,,0.8629807859869923,1.3162559627242123,1536,0.7008089704357479,0.5232431888580322,0.9029302000999452,0.0557694286108017,,256.0,2.0,0.05,0.0003176825400886,3.332543488227547e-05,256.0,220.0,33.0,cuda:0,,,,
chemberta__murcko_gnn,mlp,External,all,3,TorchMLP,,,,,,,,,0.8629807859869923,1.3162559627242123,2251,1.3162559627242123,0.9108619093894958,0.5654634237289429,-0.0071979793719947,,256.0,2.0,0.05,0.0003176825400886,3.332543488227547e-05,256.0,220.0,33.0,cuda:0,,,,
chemberta__murcko_gnn,mlp,External,all6_bad,3,TorchMLP,,,,,,,,,0.8629807859869923,1.3162559627242123,256,3.0142252939892877,2.756866216659546,-0.1922590732574463,-0.638888418674469,,256.0,2.0,0.05,0.0003176825400886,3.332543488227547e-05,256.0,220.0,33.0,cuda:0,,,,
chemberta__murcko_gnn,mlp,External,not_all6_bad,3,TorchMLP,,,,,,,,,0.8629807859869923,1.3162559627242123,1995,0.8882477471333522,0.6739811897277832,0.7746065855026245,0.0738610476255416,,256.0,2.0,0.05,0.0003176825400886,3.332543488227547e-05,256.0,220.0,33.0,cuda:0,,,,
chemberta__murcko_gnn,ridge,Train,all,6,ridge_alpha_100.0,,,,,,,,,0.8892235688793001,1.3364742606153754,6437,0.3847169215946162,0.2895165383815765,0.9722237586975098,1.4074733600821787e-09,"{'alpha': 100.0, 'copy_X': True, 'fit_intercept': True, 'max_iter': None, 'positive': False, 'random_state': None, 'solver': 'auto', 'tol': 0.0001}",,,,,,,,,,,,,
chemberta__murcko_gnn,ridge,Train,not_all6_bad,6,ridge_alpha_100.0,,,,,,,,,0.8892235688793001,1.3364742606153754,6437,0.3847169215946162,0.2895165383815765,0.9722237586975098,1.4074733600821787e-09,"{'alpha': 100.0, 'copy_X': True, 'fit_intercept': True, 'max_iter': None, 'positive': False, 'random_state': None, 'solver': 'auto', 'tol': 0.0001}",,,,,,,,,,,,,
chemberta__murcko_gnn,ridge,Val,all,6,ridge_alpha_100.0,,,,,,,,,0.8892235688793001,1.3364742606153754,1610,0.8892235688793001,0.6319969892501831,0.8509715795516968,-0.002592783421278,"{'alpha': 100.0, 'copy_X': True, 'fit_intercept': True, 'max_iter': None, 'positive': False, 'random_state': None, 'solver': 'auto', 'tol': 0.0001}",,,,,,,,,,,,,
chemberta__murcko_gnn,ridge,Val,all6_bad,6,ridge_alpha_100.0,,,,,,,,,0.8892235688793001,1.3364742606153754,74,2.460619418462731,2.2715232372283936,0.4143586754798889,-0.4045111536979675,"{'alpha': 100.0, 'copy_X': True, 'fit_intercept': True, 'max_iter': None, 'positive': False, 'random_state': None, 'solver': 'auto', 'tol': 0.0001}",,,,,,,,,,,,,
chemberta__murcko_gnn,ridge,Val,not_all6_bad,6,ridge_alpha_100.0,,,,,,,,,0.8892235688793001,1.3364742606153754,1536,0.7328831961881193,0.5530093312263489,0.8938416242599487,0.0167704708874225,"{'alpha': 100.0, 'copy_X': True, 'fit_intercept': True, 'max_iter': None, 'positive': False, 'random_state': None, 'solver': 'auto', 'tol': 0.0001}",,,,,,,,,,,,,
chemberta__murcko_gnn,ridge,External,all,6,ridge_alpha_100.0,,,,,,,,,0.8892235688793001,1.3364742606153754,2251,1.3364742606153754,0.9250497817993164,0.5520115494728088,-0.0790536403656005,"{'alpha': 100.0, 'copy_X': True, 'fit_intercept': True, 'max_iter': None, 'positive': False, 'random_state': None, 'solver': 'auto', 'tol': 0.0001}",,,,,,,,,,,,,
chemberta__murcko_gnn,ridge,External,all6_bad,6,ridge_alpha_100.0,,,,,,,,,0.8892235688793001,1.3364742606153754,256,3.076968367866824,2.793652296066284,-0.2424110174179077,-0.689313530921936,"{'alpha': 100.0, 'copy_X': True, 'fit_intercept': True, 'max_iter': None, 'positive': False, 'random_state': None, 'solver': 'auto', 'tol': 0.0001}",,,,,,,,,,,,,
chemberta__murcko_gnn,ridge,External,not_all6_bad,6,ridge_alpha_100.0,,,,,,,,,0.8892235688793001,1.3364742606153754,1995,0.8946832586008707,0.6852692365646362,0.7713287472724915,-0.000744592573028,"{'alpha': 100.0, 'copy_X': True, 'fit_intercept': True, 'max_iter': None, 'positive': False, 'random_state': None, 'solver': 'auto', 'tol': 0.0001}",,,,,,,,,,,,,
chemberta__murcko_gnn,knn_svm,Train,all,2,KNeighborsRegressor,,,,,,,,,0.9380503390952604,1.4101858305559842,6437,2.168168051376747e-07,1.491427568815486e-07,0.9999999999999912,-2.959233401693963e-09,,,,,,,,,,,sklearn_knn,5.0,distance,euclidean
chemberta__murcko_gnn,knn_svm,Train,not_all6_bad,2,KNeighborsRegressor,,,,,,,,,0.9380503390952604,1.4101858305559842,6437,2.168168051376747e-07,1.491427568815486e-07,0.9999999999999912,-2.959233401693963e-09,,,,,,,,,,,sklearn_knn,5.0,distance,euclidean
chemberta__murcko_gnn,knn_svm,Val,all,2,KNeighborsRegressor,,,,,,,,,0.9380503390952604,1.4101858305559842,1610,0.9380503390952604,0.6624868734825131,0.8341561326243836,-0.0158548037168015,,,,,,,,,,,sklearn_knn,5.0,distance,euclidean
chemberta__murcko_gnn,knn_svm,Val,all6_bad,2,KNeighborsRegressor,,,,,,,,,0.9380503390952604,1.4101858305559842,74,2.494050528811107,2.279560175789089,0.3983369845708955,-0.3873224075626278,,,,,,,,,,,sklearn_knn,5.0,distance,euclidean
chemberta__murcko_gnn,knn_svm,Val,not_all6_bad,2,KNeighborsRegressor,,,,,,,,,0.9380503390952604,1.4101858305559842,1536,0.7890855282489851,0.5845809982411808,0.8769354584336273,0.0020414219893125,,,,,,,,,,,sklearn_knn,5.0,distance,euclidean
chemberta__murcko_gnn,knn_svm,External,all,2,KNeighborsRegressor,,,,,,,,,0.9380503390952604,1.4101858305559842,2251,1.4101858305559842,0.9496163854596524,0.5012322812471378,-0.046385534702945,,,,,,,,,,,sklearn_knn,5.0,distance,euclidean
chemberta__murcko_gnn,knn_svm,External,all6_bad,2,KNeighborsRegressor,,,,,,,,,0.9380503390952604,1.4101858305559842,256,3.205499852751758,2.8495637420120308,-0.3483751966714208,-0.6461595876930382,,,,,,,,,,,sklearn_knn,5.0,distance,euclidean
chemberta__murcko_gnn,knn_svm,External,not_all6_bad,2,KNeighborsRegressor,,,,,,,,,0.9380503390952604,1.4101858305559842,1995,0.96191488593293,0.7058136168995477,0.7356701165162438,0.0305779527985406,,,,,,,,,,,sklearn_knn,5.0,distance,euclidean
chemberta__three_d_gnn,xgb,Train,all,2,XGBRegressor,800.0,6.0,0.0344566643847623,0.7,0.45,3.0,0.0001,0.5,0.8216177592188437,1.2896663754070865,6437,0.0618871485188316,0.0494492761790752,0.9992812275886536,-1.0392709555162584e-05,,,,,,,,,,,,,,
chemberta__three_d_gnn,xgb,Train,not_all6_bad,2,XGBRegressor,800.0,6.0,0.0344566643847623,0.7,0.45,3.0,0.0001,0.5,0.8216177592188437,1.2896663754070865,6437,0.0618871485188316,0.0494492761790752,0.9992812275886536,-1.0392709555162584e-05,,,,,,,,,,,,,,
chemberta__three_d_gnn,xgb,Val,all,2,XGBRegressor,800.0,6.0,0.0344566643847623,0.7,0.45,3.0,0.0001,0.5,0.8216177592188437,1.2896663754070865,1610,0.8216177592188437,0.5675047636032104,0.8727707862854004,-0.0058294981718063,,,,,,,,,,,,,,
chemberta__three_d_gnn,xgb,Val,all6_bad,2,XGBRegressor,800.0,6.0,0.0344566643847623,0.7,0.45,3.0,0.0001,0.5,0.8216177592188437,1.2896663754070865,74,2.3870048289064387,2.208362102508545,0.4488759040832519,-0.343827486038208,,,,,,,,,,,,,,
chemberta__three_d_gnn,xgb,Val,not_all6_bad,2,XGBRegressor,800.0,6.0,0.0344566643847623,0.7,0.45,3.0,0.0001,0.5,0.8216177592188437,1.2896663754070865,1536,0.6580843040005399,0.488453060388565,0.914405107498169,0.0104542598128318,,,,,,,,,,,,,,
chemberta__three_d_gnn,xgb,External,all,2,XGBRegressor,800.0,6.0,0.0344566643847623,0.7,0.45,3.0,0.0001,0.5,0.8216177592188437,1.2896663754070865,2251,1.2896663754070865,0.8733349442481995,0.5828421711921692,-0.1696836799383163,,,,,,,,,,,,,,
chemberta__three_d_gnn,xgb,External,all6_bad,2,XGBRegressor,800.0,6.0,0.0344566643847623,0.7,0.45,3.0,0.0001,0.5,0.8216177592188437,1.2896663754070865,256,3.0246979996177474,2.7844889163970947,-0.2005583047866821,-0.7433260679244995,,,,,,,,,,,,,,
chemberta__three_d_gnn,xgb,External,not_all6_bad,2,XGBRegressor,800.0,6.0,0.0344566643847623,0.7,0.45,3.0,0.0001,0.5,0.8216177592188437,1.2896663754070865,1995,0.8382639731184846,0.6280941367149353,0.7992596626281738,-0.0960734039545059,,,,,,,,,,,,,,
chemberta__three_d_gnn,rf,Train,all,0,ExtraTreesRegressor,,,,,,,,,0.8430625869062839,1.3120166958449977,6437,0.0763888274278084,0.0396107564300025,0.9989049077179104,-2.069702702423781e-19,"{'bootstrap': False, 'ccp_alpha': 0.0, 'criterion': 'squared_error', 'max_depth': 22, 'max_features': 'sqrt', 'max_leaf_nodes': None, 'max_samples': None, 'min_impurity_decrease': 0.0, 'min_samples_leaf': 2, 'min_samples_split': 2, 'min_weight_fraction_leaf': 0.0, 'monotonic_cst': None, 'n_estimators': 250, 'n_jobs': -1, 'oob_score': False, 'random_state': 274743, 'verbose': 0, 'warm_start': False}",,,,,,,,,,,,,
chemberta__three_d_gnn,rf,Train,not_all6_bad,0,ExtraTreesRegressor,,,,,,,,,0.8430625869062839,1.3120166958449977,6437,0.0763888274278084,0.0396107564300025,0.9989049077179104,-2.069702702423781e-19,"{'bootstrap': False, 'ccp_alpha': 0.0, 'criterion': 'squared_error', 'max_depth': 22, 'max_features': 'sqrt', 'max_leaf_nodes': None, 'max_samples': None, 'min_impurity_decrease': 0.0, 'min_samples_leaf': 2, 'min_samples_split': 2, 'min_weight_fraction_leaf': 0.0, 'monotonic_cst': None, 'n_estimators': 250, 'n_jobs': -1, 'oob_score': False, 'random_state': 274743, 'verbose': 0, 'warm_start': False}",,,,,,,,,,,,,
chemberta__three_d_gnn,rf,Val,all,0,ExtraTreesRegressor,,,,,,,,,0.8430625869062839,1.3120166958449977,1610,0.8430625869062839,0.588340404919906,0.8660425842617615,-0.0222023220592912,"{'bootstrap': False, 'ccp_alpha': 0.0, 'criterion': 'squared_error', 'max_depth': 22, 'max_features': 'sqrt', 'max_leaf_nodes': None, 'max_samples': None, 'min_impurity_decrease': 0.0, 'min_samples_leaf': 2, 'min_samples_split': 2, 'min_weight_fraction_leaf': 0.0, 'monotonic_cst': None, 'n_estimators': 250, 'n_jobs': -1, 'oob_score': False, 'random_state': 274743, 'verbose': 0, 'warm_start': False}",,,,,,,,,,,,,
chemberta__three_d_gnn,rf,Val,all6_bad,0,ExtraTreesRegressor,,,,,,,,,0.8430625869062839,1.3120166958449977,74,2.427848247820527,2.2283439420589084,0.4298542443358366,-0.2914165957177714,"{'bootstrap': False, 'ccp_alpha': 0.0, 'criterion': 'squared_error', 'max_depth': 22, 'max_features': 'sqrt', 'max_leaf_nodes': None, 'max_samples': None, 'min_impurity_decrease': 0.0, 'min_samples_leaf': 2, 'min_samples_split': 2, 'min_weight_fraction_leaf': 0.0, 'monotonic_cst': None, 'n_estimators': 250, 'n_jobs': -1, 'oob_score': False, 'random_state': 274743, 'verbose': 0, 'warm_start': False}",,,,,,,,,,,,,
chemberta__three_d_gnn,rf,Val,not_all6_bad,0,ExtraTreesRegressor,,,,,,,,,0.8430625869062839,1.3120166958449977,1536,0.6789840466507906,0.5093298178441988,0.9088820539079622,-0.0092323635627238,"{'bootstrap': False, 'ccp_alpha': 0.0, 'criterion': 'squared_error', 'max_depth': 22, 'max_features': 'sqrt', 'max_leaf_nodes': None, 'max_samples': None, 'min_impurity_decrease': 0.0, 'min_samples_leaf': 2, 'min_samples_split': 2, 'min_weight_fraction_leaf': 0.0, 'monotonic_cst': None, 'n_estimators': 250, 'n_jobs': -1, 'oob_score': False, 'random_state': 274743, 'verbose': 0, 'warm_start': False}",,,,,,,,,,,,,
chemberta__three_d_gnn,rf,External,all,0,ExtraTreesRegressor,,,,,,,,,0.8430625869062839,1.3120166958449977,2251,1.3120166958449977,0.8985808933940618,0.5682579320899839,-0.1901448106238608,"{'bootstrap': False, 'ccp_alpha': 0.0, 'criterion': 'squared_error', 'max_depth': 22, 'max_features': 'sqrt', 'max_leaf_nodes': None, 'max_samples': None, 'min_impurity_decrease': 0.0, 'min_samples_leaf': 2, 'min_samples_split': 2, 'min_weight_fraction_leaf': 0.0, 'monotonic_cst': None, 'n_estimators': 250, 'n_jobs': -1, 'oob_score': False, 'random_state': 274743, 'verbose': 0, 'warm_start': False}",,,,,,,,,,,,,
chemberta__three_d_gnn,rf,External,all6_bad,0,ExtraTreesRegressor,,,,,,,,,0.8430625869062839,1.3120166958449977,256,3.0190010751452068,2.778150403147859,-0.1960401751840326,-0.7288618709821811,"{'bootstrap': False, 'ccp_alpha': 0.0, 'criterion': 'squared_error', 'max_depth': 22, 'max_features': 'sqrt', 'max_leaf_nodes': None, 'max_samples': None, 'min_impurity_decrease': 0.0, 'min_samples_leaf': 2, 'min_samples_split': 2, 'min_weight_fraction_leaf': 0.0, 'monotonic_cst': None, 'n_estimators': 250, 'n_jobs': -1, 'oob_score': False, 'random_state': 274743, 'verbose': 0, 'warm_start': False}",,,,,,,,,,,,,
chemberta__three_d_gnn,rf,External,not_all6_bad,0,ExtraTreesRegressor,,,,,,,,,0.8430625869062839,1.3120166958449977,1995,0.8790419376983807,0.6573930264782862,0.7792543452969177,-0.1210162053848983,"{'bootstrap': False, 'ccp_alpha': 0.0, 'criterion': 'squared_error', 'max_depth': 22, 'max_features': 'sqrt', 'max_leaf_nodes': None, 'max_samples': None, 'min_impurity_decrease': 0.0, 'min_samples_leaf': 2, 'min_samples_split': 2, 'min_weight_fraction_leaf': 0.0, 'monotonic_cst': None, 'n_estimators': 250, 'n_jobs': -1, 'oob_score': False, 'random_state': 274743, 'verbose': 0, 'warm_start': False}",,,,,,,,,,,,,
chemberta__three_d_gnn,mlp,Train,all,7,TorchMLP,,,,,,,,,0.8124075616925079,1.2654285042897502,6437,0.2049031373916657,0.1466497927904129,0.9921206831932068,0.0157342106103897,,128.0,1.0,0.1,0.0004995060365673,0.0009133472616889,512.0,220.0,86.0,cuda:0,,,,
chemberta__three_d_gnn,mlp,Train,not_all6_bad,7,TorchMLP,,,,,,,,,0.8124075616925079,1.2654285042897502,6437,0.2049031373916657,0.1466497927904129,0.9921206831932068,0.0157342106103897,,128.0,1.0,0.1,0.0004995060365673,0.0009133472616889,512.0,220.0,86.0,cuda:0,,,,
chemberta__three_d_gnn,mlp,Val,all,7,TorchMLP,,,,,,,,,0.8124075616925079,1.2654285042897502,1610,0.8124075616925079,0.5598369836807251,0.8756072521209717,0.0251415874809026,,128.0,1.0,0.1,0.0004995060365673,0.0009133472616889,512.0,220.0,86.0,cuda:0,,,,
chemberta__three_d_gnn,mlp,Val,all6_bad,7,TorchMLP,,,,,,,,,0.8124075616925079,1.2654285042897502,74,2.3519343592248783,2.1945912837982178,0.4649513959884643,-0.3150439262390136,,128.0,1.0,0.1,0.0004995060365673,0.0009133472616889,512.0,220.0,86.0,cuda:0,,,,
chemberta__three_d_gnn,mlp,Val,not_all6_bad,7,TorchMLP,,,,,,,,,0.8124075616925079,1.2654285042897502,1536,0.6521557062914418,0.4810793101787567,0.9159404039382936,0.0415307320654392,,128.0,1.0,0.1,0.0004995060365673,0.0009133472616889,512.0,220.0,86.0,cuda:0,,,,
chemberta__three_d_gnn,mlp,External,all,7,TorchMLP,,,,,,,,,0.8124075616925079,1.2654285042897502,2251,1.2654285042897502,0.860298752784729,0.5983749032020569,-0.0510605499148368,,128.0,1.0,0.1,0.0004995060365673,0.0009133472616889,512.0,220.0,86.0,cuda:0,,,,
chemberta__three_d_gnn,mlp,External,all6_bad,7,TorchMLP,,,,,,,,,0.8124075616925079,1.2654285042897502,256,2.967094200559719,2.726670742034912,-0.1552656888961792,-0.6390454769134521,,128.0,1.0,0.1,0.0004995060365673,0.0009133472616889,512.0,220.0,86.0,cuda:0,,,,
chemberta__three_d_gnn,mlp,External,not_all6_bad,7,TorchMLP,,,,,,,,,0.8124075616925079,1.2654285042897502,1995,0.8228603939340339,0.6208043098449707,0.8065693378448486,0.0243901498615741,,128.0,1.0,0.1,0.0004995060365673,0.0009133472616889,512.0,220.0,86.0,cuda:0,,,,
chemberta__three_d_gnn,ridge,Train,all,6,ridge_alpha_100.0,,,,,,,,,0.8635879248058022,1.2986399578804964,6437,0.3562923991755239,0.2684561312198639,0.9761765599250792,-1.3704346102372256e-08,"{'alpha': 100.0, 'copy_X': True, 'fit_intercept': True, 'max_iter': None, 'positive': False, 'random_state': None, 'solver': 'auto', 'tol': 0.0001}",,,,,,,,,,,,,
chemberta__three_d_gnn,ridge,Train,not_all6_bad,6,ridge_alpha_100.0,,,,,,,,,0.8635879248058022,1.2986399578804964,6437,0.3562923991755239,0.2684561312198639,0.9761765599250792,-1.3704346102372256e-08,"{'alpha': 100.0, 'copy_X': True, 'fit_intercept': True, 'max_iter': None, 'positive': False, 'random_state': None, 'solver': 'auto', 'tol': 0.0001}",,,,,,,,,,,,,
chemberta__three_d_gnn,ridge,Val,all,6,ridge_alpha_100.0,,,,,,,,,0.8635879248058022,1.2986399578804964,1610,0.8635879248058022,0.6087902784347534,0.8594404458999634,-0.0040585771203041,"{'alpha': 100.0, 'copy_X': True, 'fit_intercept': True, 'max_iter': None, 'positive': False, 'random_state': None, 'solver': 'auto', 'tol': 0.0001}",,,,,,,,,,,,,
chemberta__three_d_gnn,ridge,Val,all6_bad,6,ridge_alpha_100.0,,,,,,,,,0.8635879248058022,1.2986399578804964,74,2.4107661287092,2.2413458824157715,0.4378489851951599,-0.3811411559581756,"{'alpha': 100.0, 'copy_X': True, 'fit_intercept': True, 'max_iter': None, 'positive': False, 'random_state': None, 'solver': 'auto', 'tol': 0.0001}",,,,,,,,,,,,,
chemberta__three_d_gnn,ridge,Val,not_all6_bad,6,ridge_alpha_100.0,,,,,,,,,0.8635879248058022,1.2986399578804964,1536,0.7083209588335,0.5301385521888733,0.9008380770683287,0.0141081595793366,"{'alpha': 100.0, 'copy_X': True, 'fit_intercept': True, 'max_iter': None, 'positive': False, 'random_state': None, 'solver': 'auto', 'tol': 0.0001}",,,,,,,,,,,,,
chemberta__three_d_gnn,ridge,External,all,6,ridge_alpha_100.0,,,,,,,,,0.8635879248058022,1.2986399578804964,2251,1.2986399578804964,0.8906363844871521,0.5770167708396912,-0.1217294782400131,"{'alpha': 100.0, 'copy_X': True, 'fit_intercept': True, 'max_iter': None, 'positive': False, 'random_state': None, 'solver': 'auto', 'tol': 0.0001}",,,,,,,,,,,,,
chemberta__three_d_gnn,ridge,External,all6_bad,6,ridge_alpha_100.0,,,,,,,,,0.8635879248058022,1.2986399578804964,256,3.0187412427692277,2.748898506164551,-0.1958342790603637,-0.6745348572731018,"{'alpha': 100.0, 'copy_X': True, 'fit_intercept': True, 'max_iter': None, 'positive': False, 'random_state': None, 'solver': 'auto', 'tol': 0.0001}",,,,,,,,,,,,,
chemberta__three_d_gnn,ridge,External,not_all6_bad,6,ridge_alpha_100.0,,,,,,,,,0.8635879248058022,1.2986399578804964,1995,0.8564535943112617,0.6521827578544617,0.7904533743858337,-0.0507930517196655,"{'alpha': 100.0, 'copy_X': True, 'fit_intercept': True, 'max_iter': None, 'positive': False, 'random_state': None, 'solver': 'auto', 'tol': 0.0001}",,,,,,,,,,,,,
chemberta__three_d_gnn,knn_svm,Train,all,2,KNeighborsRegressor,,,,,,,,,0.9330080614655796,1.4012753755979863,6437,2.237272722412732e-07,1.5324929864228038e-07,0.9999999999999906,-1.077772737451455e-08,,,,,,,,,,,sklearn_knn,5.0,distance,euclidean
chemberta__three_d_gnn,knn_svm,Train,not_all6_bad,2,KNeighborsRegressor,,,,,,,,,0.9330080614655796,1.4012753755979863,6437,2.237272722412732e-07,1.5324929864228038e-07,0.9999999999999906,-1.077772737451455e-08,,,,,,,,,,,sklearn_knn,5.0,distance,euclidean
chemberta__three_d_gnn,knn_svm,Val,all,2,KNeighborsRegressor,,,,,,,,,0.9330080614655796,1.4012753755979863,1610,0.9330080614655796,0.6534493776023065,0.835934253270615,-0.0409792180919113,,,,,,,,,,,sklearn_knn,5.0,distance,euclidean
chemberta__three_d_gnn,knn_svm,Val,all6_bad,2,KNeighborsRegressor,,,,,,,,,0.9330080614655796,1.4012753755979863,74,2.554113673729946,2.3350603130044,0.3690088553472899,-0.4579698662708319,,,,,,,,,,,sklearn_knn,5.0,distance,euclidean
chemberta__three_d_gnn,knn_svm,Val,not_all6_bad,2,KNeighborsRegressor,,,,,,,,,0.9330080614655796,1.4012753755979863,1536,0.7734076198464215,0.5724342674331951,0.8817770820580146,-0.0208898248853748,,,,,,,,,,,sklearn_knn,5.0,distance,euclidean
chemberta__three_d_gnn,knn_svm,External,all,2,KNeighborsRegressor,,,,,,,,,0.9330080614655796,1.4012753755979863,2251,1.4012753755979863,0.9452295677487348,0.5075154340057069,-0.129341760332526,,,,,,,,,,,sklearn_knn,5.0,distance,euclidean
chemberta__three_d_gnn,knn_svm,External,all6_bad,2,KNeighborsRegressor,,,,,,,,,0.9330080614655796,1.4012753755979863,256,3.183103990774758,2.841620482155374,-0.3295996334654449,-0.6924223437931246,,,,,,,,,,,sklearn_knn,5.0,distance,euclidean
chemberta__three_d_gnn,knn_svm,External,not_all6_bad,2,KNeighborsRegressor,,,,,,,,,0.9330080614655796,1.4012753755979863,1995,0.9567518772943696,0.7018831646970558,0.7385000444586869,-0.0570868082694116,,,,,,,,,,,sklearn_knn,5.0,distance,euclidean
atom_gnn__brics_gnn,xgb,Train,all,7,XGBRegressor,1100.0,6.0,0.041403232449931,0.7,1.0,3.0,0.0,2.0,0.8308745389558015,1.3717767041559874,6437,0.1095786157817611,0.0815237462520599,0.9977465867996216,-5.8376772358315066e-05,,,,,,,,,,,,,,
atom_gnn__brics_gnn,xgb,Train,not_all6_bad,7,XGBRegressor,1100.0,6.0,0.041403232449931,0.7,1.0,3.0,0.0,2.0,0.8308745389558015,1.3717767041559874,6437,0.1095786157817611,0.0815237462520599,0.9977465867996216,-5.8376772358315066e-05,,,,,,,,,,,,,,
atom_gnn__brics_gnn,xgb,Val,all,7,XGBRegressor,1100.0,6.0,0.041403232449931,0.7,1.0,3.0,0.0,2.0,0.8308745389558015,1.3717767041559874,1610,0.8308745389558015,0.5854448676109314,0.8698878288269043,-0.0115207787603139,,,,,,,,,,,,,,
atom_gnn__brics_gnn,xgb,Val,all6_bad,7,XGBRegressor,1100.0,6.0,0.041403232449931,0.7,1.0,3.0,0.0,2.0,0.8308745389558015,1.3717767041559874,74,2.2724903139216406,2.121170997619629,0.5004868507385254,-0.264856606721878,,,,,,,,,,,,,,
atom_gnn__brics_gnn,xgb,Val,not_all6_bad,7,XGBRegressor,1100.0,6.0,0.041403232449931,0.7,1.0,3.0,0.0,2.0,0.8308745389558015,1.3717767041559874,1536,0.689068197802041,0.5114580988883972,0.9061554074287416,0.0006842004950158,,,,,,,,,,,,,,
atom_gnn__brics_gnn,xgb,External,all,7,XGBRegressor,1100.0,6.0,0.041403232449931,0.7,1.0,3.0,0.0,2.0,0.8308745389558015,1.3717767041559874,2251,1.3717767041559874,0.9283424019813538,0.5280320644378662,-0.2219989150762558,,,,,,,,,,,,,,
atom_gnn__brics_gnn,xgb,External,all6_bad,7,XGBRegressor,1100.0,6.0,0.041403232449931,0.7,1.0,3.0,0.0,2.0,0.8308745389558015,1.3717767041559874,256,3.141245007402829,2.889986515045166,-0.2948601245880127,-0.8143006563186646,,,,,,,,,,,,,,
atom_gnn__brics_gnn,xgb,External,not_all6_bad,7,XGBRegressor,1100.0,6.0,0.041403232449931,0.7,1.0,3.0,0.0,2.0,0.8308745389558015,1.3717767041559874,1995,0.9257678904152924,0.6766226887702942,0.7551628947257996,-0.1459942907094955,,,,,,,,,,,,,,
atom_gnn__brics_gnn,rf,Train,all,6,ExtraTreesRegressor,,,,,,,,,0.8323241227027548,1.352013232069243,6437,0.0987225296367214,0.0497775319767356,0.9981709584093116,-3.4771005400719517e-17,"{'bootstrap': False, 'ccp_alpha': 0.0, 'criterion': 'squared_error', 'max_depth': 22, 'max_features': 0.7, 'max_leaf_nodes': None, 'max_samples': None, 'min_impurity_decrease': 0.0, 'min_samples_leaf': 2, 'min_samples_split': 2, 'min_weight_fraction_leaf': 0.0, 'monotonic_cst': None, 'n_estimators': 400, 'n_jobs': -1, 'oob_score': False, 'random_state': 275749, 'verbose': 0, 'warm_start': False}",,,,,,,,,,,,,
atom_gnn__brics_gnn,rf,Train,not_all6_bad,6,ExtraTreesRegressor,,,,,,,,,0.8323241227027548,1.352013232069243,6437,0.0987225296367214,0.0497775319767356,0.9981709584093116,-3.4771005400719517e-17,"{'bootstrap': False, 'ccp_alpha': 0.0, 'criterion': 'squared_error', 'max_depth': 22, 'max_features': 0.7, 'max_leaf_nodes': None, 'max_samples': None, 'min_impurity_decrease': 0.0, 'min_samples_leaf': 2, 'min_samples_split': 2, 'min_weight_fraction_leaf': 0.0, 'monotonic_cst': None, 'n_estimators': 400, 'n_jobs': -1, 'oob_score': False, 'random_state': 275749, 'verbose': 0, 'warm_start': False}",,,,,,,,,,,,,
atom_gnn__brics_gnn,rf,Val,all,6,ExtraTreesRegressor,,,,,,,,,0.8323241227027548,1.352013232069243,1610,0.8323241227027548,0.5890605597475579,0.8694334013790141,-0.0160726366135872,"{'bootstrap': False, 'ccp_alpha': 0.0, 'criterion': 'squared_error', 'max_depth': 22, 'max_features': 0.7, 'max_leaf_nodes': None, 'max_samples': None, 'min_impurity_decrease': 0.0, 'min_samples_leaf': 2, 'min_samples_split': 2, 'min_weight_fraction_leaf': 0.0, 'monotonic_cst': None, 'n_estimators': 400, 'n_jobs': -1, 'oob_score': False, 'random_state': 275749, 'verbose': 0, 'warm_start': False}",,,,,,,,,,,,,
atom_gnn__brics_gnn,rf,Val,all6_bad,6,ExtraTreesRegressor,,,,,,,,,0.8323241227027548,1.352013232069243,74,2.286435108185062,2.151723113407516,0.4943376946600571,-0.2625522344901544,"{'bootstrap': False, 'ccp_alpha': 0.0, 'criterion': 'squared_error', 'max_depth': 22, 'max_features': 0.7, 'max_leaf_nodes': None, 'max_samples': None, 'min_impurity_decrease': 0.0, 'min_samples_leaf': 2, 'min_samples_split': 2, 'min_weight_fraction_leaf': 0.0, 'monotonic_cst': None, 'n_estimators': 400, 'n_jobs': -1, 'oob_score': False, 'random_state': 275749, 'verbose': 0, 'warm_start': False}",,,,,,,,,,,,,
atom_gnn__brics_gnn,rf,Val,not_all6_bad,6,ExtraTreesRegressor,,,,,,,,,0.8323241227027548,1.352013232069243,1536,0.688679395358983,0.5137760356780027,0.9062612926914618,-0.0041979684867213,"{'bootstrap': False, 'ccp_alpha': 0.0, 'criterion': 'squared_error', 'max_depth': 22, 'max_features': 0.7, 'max_leaf_nodes': None, 'max_samples': None, 'min_impurity_decrease': 0.0, 'min_samples_leaf': 2, 'min_samples_split': 2, 'min_weight_fraction_leaf': 0.0, 'monotonic_cst': None, 'n_estimators': 400, 'n_jobs': -1, 'oob_score': False, 'random_state': 275749, 'verbose': 0, 'warm_start': False}",,,,,,,,,,,,,
atom_gnn__brics_gnn,rf,External,all,6,ExtraTreesRegressor,,,,,,,,,0.8323241227027548,1.352013232069243,2251,1.352013232069243,0.9188297451713118,0.5415335836392514,-0.1924180647827529,"{'bootstrap': False, 'ccp_alpha': 0.0, 'criterion': 'squared_error', 'max_depth': 22, 'max_features': 0.7, 'max_leaf_nodes': None, 'max_samples': None, 'min_impurity_decrease': 0.0, 'min_samples_leaf': 2, 'min_samples_split': 2, 'min_weight_fraction_leaf': 0.0, 'monotonic_cst': None, 'n_estimators': 400, 'n_jobs': -1, 'oob_score': False, 'random_state': 275749, 'verbose': 0, 'warm_start': False}",,,,,,,,,,,,,
atom_gnn__brics_gnn,rf,External,all6_bad,6,ExtraTreesRegressor,,,,,,,,,0.8323241227027548,1.352013232069243,256,3.1282663524215564,2.882325912940802,-0.2841822991603284,-0.7749282512115192,"{'bootstrap': False, 'ccp_alpha': 0.0, 'criterion': 'squared_error', 'max_depth': 22, 'max_features': 0.7, 'max_leaf_nodes': None, 'max_samples': None, 'min_impurity_decrease': 0.0, 'min_samples_leaf': 2, 'min_samples_split': 2, 'min_weight_fraction_leaf': 0.0, 'monotonic_cst': None, 'n_estimators': 400, 'n_jobs': -1, 'oob_score': False, 'random_state': 275749, 'verbose': 0, 'warm_start': False}",,,,,,,,,,,,,
atom_gnn__brics_gnn,rf,External,not_all6_bad,6,ExtraTreesRegressor,,,,,,,,,0.8323241227027548,1.352013232069243,1995,0.8981918759819468,0.6668723421893621,0.7695316893116619,-0.1176698904841243,"{'bootstrap': False, 'ccp_alpha': 0.0, 'criterion': 'squared_error', 'max_depth': 22, 'max_features': 0.7, 'max_leaf_nodes': None, 'max_samples': None, 'min_impurity_decrease': 0.0, 'min_samples_leaf': 2, 'min_samples_split': 2, 'min_weight_fraction_leaf': 0.0, 'monotonic_cst': None, 'n_estimators': 400, 'n_jobs': -1, 'oob_score': False, 'random_state': 275749, 'verbose': 0, 'warm_start': False}",,,,,,,,,,,,,
atom_gnn__brics_gnn,mlp,Train,all,9,TorchMLP,,,,,,,,,0.8419882430707815,1.3886933787809606,6437,0.4212283724318221,0.2980993092060089,0.9667013883590698,0.043149035423994,,128.0,3.0,0.1,0.0003599574831462,9.261188603541432e-06,128.0,220.0,65.0,cuda:0,,,,
atom_gnn__brics_gnn,mlp,Train,not_all6_bad,9,TorchMLP,,,,,,,,,0.8419882430707815,1.3886933787809606,6437,0.4212283724318221,0.2980993092060089,0.9667013883590698,0.043149035423994,,128.0,3.0,0.1,0.0003599574831462,9.261188603541432e-06,128.0,220.0,65.0,cuda:0,,,,
atom_gnn__brics_gnn,mlp,Val,all,9,TorchMLP,,,,,,,,,0.8419882430707815,1.3886933787809606,1610,0.8419882430707815,0.5953046679496765,0.8663837909698486,0.04520795494318,,128.0,3.0,0.1,0.0003599574831462,9.261188603541432e-06,128.0,220.0,65.0,cuda:0,,,,
atom_gnn__brics_gnn,mlp,Val,all6_bad,9,TorchMLP,,,,,,,,,0.8419882430707815,1.3886933787809606,74,2.2773296166009227,2.089684247970581,0.4983571171760559,-0.1639125198125839,,128.0,3.0,0.1,0.0003599574831462,9.261188603541432e-06,128.0,220.0,65.0,cuda:0,,,,
atom_gnn__brics_gnn,mlp,Val,not_all6_bad,9,TorchMLP,,,,,,,,,0.8419882430707815,1.3886933787809606,1536,0.7023116387652815,0.5233098268508911,0.9025135040283204,0.0552827678620815,,128.0,3.0,0.1,0.0003599574831462,9.261188603541432e-06,128.0,220.0,65.0,cuda:0,,,,
atom_gnn__brics_gnn,mlp,External,all,9,TorchMLP,,,,,,,,,0.8419882430707815,1.3886933787809606,2251,1.3886933787809606,0.9471061825752258,0.516319751739502,-0.1861885637044906,,128.0,3.0,0.1,0.0003599574831462,9.261188603541432e-06,128.0,220.0,65.0,cuda:0,,,,
atom_gnn__brics_gnn,mlp,External,all6_bad,9,TorchMLP,,,,,,,,,0.8419882430707815,1.3886933787809606,256,3.1307579400092025,2.8710103034973145,-0.2862286567687988,-0.7726911306381226,,128.0,3.0,0.1,0.0003599574831462,9.261188603541432e-06,128.0,220.0,65.0,cuda:0,,,,
atom_gnn__brics_gnn,mlp,External,not_all6_bad,9,TorchMLP,,,,,,,,,0.8419882430707815,1.3886933787809606,1995,0.9582155956976148,0.700229287147522,0.7376992702484131,-0.1109280958771705,,128.0,3.0,0.1,0.0003599574831462,9.261188603541432e-06,128.0,220.0,65.0,cuda:0,,,,
atom_gnn__brics_gnn,ridge,Train,all,11,elastic_alpha_0.01_l1_0.5,,,,,,,,,0.8813290918989265,1.4135573944513686,6437,0.6435236134646329,0.4797731935977936,0.9222822785377502,-4.7409627335071044e-09,"{'alpha': 0.01, 'copy_X': True, 'fit_intercept': True, 'l1_ratio': 0.5, 'max_iter': 5000, 'positive': False, 'precompute': False, 'random_state': 275817, 'selection': 'cyclic', 'tol': 0.0001, 'warm_start': False}",,,,,,,,,,,,,
atom_gnn__brics_gnn,ridge,Train,not_all6_bad,11,elastic_alpha_0.01_l1_0.5,,,,,,,,,0.8813290918989265,1.4135573944513686,6437,0.6435236134646329,0.4797731935977936,0.9222822785377502,-4.7409627335071044e-09,"{'alpha': 0.01, 'copy_X': True, 'fit_intercept': True, 'l1_ratio': 0.5, 'max_iter': 5000, 'positive': False, 'precompute': False, 'random_state': 275817, 'selection': 'cyclic', 'tol': 0.0001, 'warm_start': False}",,,,,,,,,,,,,
atom_gnn__brics_gnn,ridge,Val,all,11,elastic_alpha_0.01_l1_0.5,,,,,,,,,0.8813290918989265,1.4135573944513686,1610,0.8813290918989265,0.6430591344833374,0.8536059856414795,-0.0109586231410503,"{'alpha': 0.01, 'copy_X': True, 'fit_intercept': True, 'l1_ratio': 0.5, 'max_iter': 5000, 'positive': False, 'precompute': False, 'random_state': 275817, 'selection': 'cyclic', 'tol': 0.0001, 'warm_start': False}",,,,,,,,,,,,,
atom_gnn__brics_gnn,ridge,Val,all6_bad,11,elastic_alpha_0.01_l1_0.5,,,,,,,,,0.8813290918989265,1.4135573944513686,74,2.2922009509939456,2.1165714263916016,0.4917841553688049,-0.2183938473463058,"{'alpha': 0.01, 'copy_X': True, 'fit_intercept': True, 'l1_ratio': 0.5, 'max_iter': 5000, 'positive': False, 'precompute': False, 'random_state': 275817, 'selection': 'cyclic', 'tol': 0.0001, 'warm_start': False}",,,,,,,,,,,,,
atom_gnn__brics_gnn,ridge,Val,not_all6_bad,11,elastic_alpha_0.01_l1_0.5,,,,,,,,,0.8813290918989265,1.4135573944513686,1536,0.7490198565500694,0.5720695853233337,0.8891153335571289,-0.0009649991989135,"{'alpha': 0.01, 'copy_X': True, 'fit_intercept': True, 'l1_ratio': 0.5, 'max_iter': 5000, 'positive': False, 'precompute': False, 'random_state': 275817, 'selection': 'cyclic', 'tol': 0.0001, 'warm_start': False}",,,,,,,,,,,,,
atom_gnn__brics_gnn,ridge,External,all,11,elastic_alpha_0.01_l1_0.5,,,,,,,,,0.8813290918989265,1.4135573944513686,2251,1.4135573944513686,0.9871923327445984,0.4988445043563843,-0.2106475830078125,"{'alpha': 0.01, 'copy_X': True, 'fit_intercept': True, 'l1_ratio': 0.5, 'max_iter': 5000, 'positive': False, 'precompute': False, 'random_state': 275817, 'selection': 'cyclic', 'tol': 0.0001, 'warm_start': False}",,,,,,,,,,,,,
atom_gnn__brics_gnn,ridge,External,all6_bad,11,elastic_alpha_0.01_l1_0.5,,,,,,,,,0.8813290918989265,1.4135573944513686,256,3.1565899052160566,2.8816232681274414,-0.3075417280197143,-0.7764278054237366,"{'alpha': 0.01, 'copy_X': True, 'fit_intercept': True, 'l1_ratio': 0.5, 'max_iter': 5000, 'positive': False, 'precompute': False, 'random_state': 275817, 'selection': 'cyclic', 'tol': 0.0001, 'warm_start': False}",,,,,,,,,,,,,
atom_gnn__brics_gnn,ridge,External,not_all6_bad,11,elastic_alpha_0.01_l1_0.5,,,,,,,,,0.8813290918989265,1.4135573944513686,1995,0.9879027836882134,0.7440974116325378,0.7211945056915283,-0.1380462050437927,"{'alpha': 0.01, 'copy_X': True, 'fit_intercept': True, 'l1_ratio': 0.5, 'max_iter': 5000, 'positive': False, 'precompute': False, 'random_state': 275817, 'selection': 'cyclic', 'tol': 0.0001, 'warm_start': False}",,,,,,,,,,,,,
atom_gnn__brics_gnn,knn_svm,Train,all,5,KNeighborsRegressor,,,,,,,,,0.8987892381934292,1.4649531901677129,6437,0.0003562125949183,1.6518325367078698e-05,0.9999999761872488,2.9380400129054964e-06,,,,,,,,,,,sklearn_knn,10.0,distance,cosine
atom_gnn__brics_gnn,knn_svm,Train,not_all6_bad,5,KNeighborsRegressor,,,,,,,,,0.8987892381934292,1.4649531901677129,6437,0.0003562125949183,1.6518325367078698e-05,0.9999999761872488,2.9380400129054964e-06,,,,,,,,,,,sklearn_knn,10.0,distance,cosine
atom_gnn__brics_gnn,knn_svm,Val,all,5,KNeighborsRegressor,,,,,,,,,0.8987892381934292,1.4649531901677129,1610,0.8987892381934292,0.6418792024194784,0.8477480532198177,0.0042748384490776,,,,,,,,,,,sklearn_knn,10.0,distance,cosine
atom_gnn__brics_gnn,knn_svm,Val,all6_bad,5,KNeighborsRegressor,,,,,,,,,0.8987892381934292,1.4649531901677129,74,2.153257335822453,1.9426706840561048,0.551528663291474,-0.2291506050104225,,,,,,,,,,,sklearn_knn,10.0,distance,cosine
atom_gnn__brics_gnn,knn_svm,Val,not_all6_bad,5,KNeighborsRegressor,,,,,,,,,0.8987892381934292,1.4649531901677129,1536,0.789535771038257,0.5792108628093805,0.8767949800486964,0.0155205954907463,,,,,,,,,,,sklearn_knn,10.0,distance,cosine
atom_gnn__brics_gnn,knn_svm,External,all,5,KNeighborsRegressor,,,,,,,,,0.8987892381934292,1.4649531901677129,2251,1.4649531901677129,0.9859107908552748,0.4617387200422674,-0.1605754761161922,,,,,,,,,,,sklearn_knn,10.0,distance,cosine
atom_gnn__brics_gnn,knn_svm,External,all6_bad,5,KNeighborsRegressor,,,,,,,,,0.8987892381934292,1.4649531901677129,256,3.257118915617322,2.9324926396639057,-0.3921513791277806,-0.7621996761790797,,,,,,,,,,,sklearn_knn,10.0,distance,cosine
atom_gnn__brics_gnn,knn_svm,External,not_all6_bad,5,KNeighborsRegressor,,,,,,,,,0.8987892381934292,1.4649531901677129,1995,1.029632364874291,0.7361238468477511,0.6971431895696145,-0.0833745762584983,,,,,,,,,,,sklearn_knn,10.0,distance,cosine
atom_gnn__murcko_gnn,xgb,Train,all,7,XGBRegressor,500.0,5.0,0.0160982890858434,1.0,0.45,10.0,0.001,2.0,0.8137400773903978,1.3936776078244897,6437,0.4593798131106719,0.3370497822761535,0.960396409034729,8.070185867836699e-05,,,,,,,,,,,,,,
atom_gnn__murcko_gnn,xgb,Train,not_all6_bad,7,XGBRegressor,500.0,5.0,0.0160982890858434,1.0,0.45,10.0,0.001,2.0,0.8137400773903978,1.3936776078244897,6437,0.4593798131106719,0.3370497822761535,0.960396409034729,8.070185867836699e-05,,,,,,,,,,,,,,
atom_gnn__murcko_gnn,xgb,Val,all,7,XGBRegressor,500.0,5.0,0.0160982890858434,1.0,0.45,10.0,0.001,2.0,0.8137400773903978,1.3936776078244897,1610,0.8137400773903978,0.5830367207527161,0.8751988410949707,0.0008171602967195,,,,,,,,,,,,,,
atom_gnn__murcko_gnn,xgb,Val,all6_bad,7,XGBRegressor,500.0,5.0,0.0160982890858434,1.0,0.45,10.0,0.001,2.0,0.8137400773903978,1.3936776078244897,74,2.2173309086235644,2.078265190124512,0.5244415998458862,-0.2111084461212158,,,,,,,,,,,,,,
atom_gnn__murcko_gnn,xgb,Val,not_all6_bad,7,XGBRegressor,500.0,5.0,0.0160982890858434,1.0,0.45,10.0,0.001,2.0,0.8137400773903978,1.3936776078244897,1536,0.6761723748111035,0.5110010504722595,0.9096351265907288,0.0110271200537681,,,,,,,,,,,,,,
atom_gnn__murcko_gnn,xgb,External,all,7,XGBRegressor,500.0,5.0,0.0160982890858434,1.0,0.45,10.0,0.001,2.0,0.8137400773903978,1.3936776078244897,2251,1.3936776078244897,0.9585941433906556,0.512841522693634,-0.2128534466028213,,,,,,,,,,,,,,
atom_gnn__murcko_gnn,xgb,External,all6_bad,7,XGBRegressor,500.0,5.0,0.0160982890858434,1.0,0.45,10.0,0.001,2.0,0.8137400773903978,1.3936776078244897,256,3.16176478468116,2.9068374633789062,-0.3118323087692261,-0.7868106365203857,,,,,,,,,,,,,,
atom_gnn__murcko_gnn,xgb,External,not_all6_bad,7,XGBRegressor,500.0,5.0,0.0160982890858434,1.0,0.45,10.0,0.001,2.0,0.8137400773903978,1.3936776078244897,1995,0.9533035861444964,0.708594024181366,0.7403815984725952,-0.1392028033733368,,,,,,,,,,,,,,
atom_gnn__murcko_gnn,rf,Train,all,0,ExtraTreesRegressor,,,,,,,,,0.8094340796080852,1.3850821832898497,6437,0.0,0.0,1.0,0.0,"{'bootstrap': False, 'ccp_alpha': 0.0, 'criterion': 'squared_error', 'max_depth': None, 'max_features': 0.7, 'max_leaf_nodes': None, 'max_samples': None, 'min_impurity_decrease': 0.0, 'min_samples_leaf': 1, 'min_samples_split': 2, 'min_weight_fraction_leaf': 0.0, 'monotonic_cst': None, 'n_estimators': 400, 'n_jobs': -1, 'oob_score': False, 'random_state': 276743, 'verbose': 0, 'warm_start': False}",,,,,,,,,,,,,
atom_gnn__murcko_gnn,rf,Train,not_all6_bad,0,ExtraTreesRegressor,,,,,,,,,0.8094340796080852,1.3850821832898497,6437,0.0,0.0,1.0,0.0,"{'bootstrap': False, 'ccp_alpha': 0.0, 'criterion': 'squared_error', 'max_depth': None, 'max_features': 0.7, 'max_leaf_nodes': None, 'max_samples': None, 'min_impurity_decrease': 0.0, 'min_samples_leaf': 1, 'min_samples_split': 2, 'min_weight_fraction_leaf': 0.0, 'monotonic_cst': None, 'n_estimators': 400, 'n_jobs': -1, 'oob_score': False, 'random_state': 276743, 'verbose': 0, 'warm_start': False}",,,,,,,,,,,,,
atom_gnn__murcko_gnn,rf,Val,all,0,ExtraTreesRegressor,,,,,,,,,0.8094340796080852,1.3850821832898497,1610,0.8094340796080852,0.5701948125657283,0.8765161680038954,-0.0135288416156416,"{'bootstrap': False, 'ccp_alpha': 0.0, 'criterion': 'squared_error', 'max_depth': None, 'max_features': 0.7, 'max_leaf_nodes': None, 'max_samples': None, 'min_impurity_decrease': 0.0, 'min_samples_leaf': 1, 'min_samples_split': 2, 'min_weight_fraction_leaf': 0.0, 'monotonic_cst': None, 'n_estimators': 400, 'n_jobs': -1, 'oob_score': False, 'random_state': 276743, 'verbose': 0, 'warm_start': False}",,,,,,,,,,,,,
atom_gnn__murcko_gnn,rf,Val,all6_bad,0,ExtraTreesRegressor,,,,,,,,,0.8094340796080852,1.3850821832898497,74,2.230897654840549,2.082516508672211,0.5186044026966886,-0.2750349677914661,"{'bootstrap': False, 'ccp_alpha': 0.0, 'criterion': 'squared_error', 'max_depth': None, 'max_features': 0.7, 'max_leaf_nodes': None, 'max_samples': None, 'min_impurity_decrease': 0.0, 'min_samples_leaf': 1, 'min_samples_split': 2, 'min_weight_fraction_leaf': 0.0, 'monotonic_cst': None, 'n_estimators': 400, 'n_jobs': -1, 'oob_score': False, 'random_state': 276743, 'verbose': 0, 'warm_start': False}",,,,,,,,,,,,,
atom_gnn__murcko_gnn,rf,Val,not_all6_bad,0,ExtraTreesRegressor,,,,,,,,,0.8094340796080852,1.3850821832898497,1536,0.6685623570618769,0.4973355641855982,0.9116577163186234,-0.0009302391826918,"{'bootstrap': False, 'ccp_alpha': 0.0, 'criterion': 'squared_error', 'max_depth': None, 'max_features': 0.7, 'max_leaf_nodes': None, 'max_samples': None, 'min_impurity_decrease': 0.0, 'min_samples_leaf': 1, 'min_samples_split': 2, 'min_weight_fraction_leaf': 0.0, 'monotonic_cst': None, 'n_estimators': 400, 'n_jobs': -1, 'oob_score': False, 'random_state': 276743, 'verbose': 0, 'warm_start': False}",,,,,,,,,,,,,
atom_gnn__murcko_gnn,rf,External,all,0,ExtraTreesRegressor,,,,,,,,,0.8094340796080852,1.3850821832898497,2251,1.3850821832898497,0.9380793298029824,0.5188320079120725,-0.2136357965689979,"{'bootstrap': False, 'ccp_alpha': 0.0, 'criterion': 'squared_error', 'max_depth': None, 'max_features': 0.7, 'max_leaf_nodes': None, 'max_samples': None, 'min_impurity_decrease': 0.0, 'min_samples_leaf': 1, 'min_samples_split': 2, 'min_weight_fraction_leaf': 0.0, 'monotonic_cst': None, 'n_estimators': 400, 'n_jobs': -1, 'oob_score': False, 'random_state': 276743, 'verbose': 0, 'warm_start': False}",,,,,,,,,,,,,
atom_gnn__murcko_gnn,rf,External,all6_bad,0,ExtraTreesRegressor,,,,,,,,,0.8094340796080852,1.3850821832898497,256,3.16644064861458,2.913849263915954,-0.3157153354973256,-0.8081743161264558,"{'bootstrap': False, 'ccp_alpha': 0.0, 'criterion': 'squared_error', 'max_depth': None, 'max_features': 0.7, 'max_leaf_nodes': None, 'max_samples': None, 'min_impurity_decrease': 0.0, 'min_samples_leaf': 1, 'min_samples_split': 2, 'min_weight_fraction_leaf': 0.0, 'monotonic_cst': None, 'n_estimators': 400, 'n_jobs': -1, 'oob_score': False, 'random_state': 276743, 'verbose': 0, 'warm_start': False}",,,,,,,,,,,,,
atom_gnn__murcko_gnn,rf,External,not_all6_bad,0,ExtraTreesRegressor,,,,,,,,,0.8094340796080852,1.3850821832898497,1995,0.9370385418334451,0.6845469472802148,0.7491651461477161,-0.137344136916512,"{'bootstrap': False, 'ccp_alpha': 0.0, 'criterion': 'squared_error', 'max_depth': None, 'max_features': 0.7, 'max_leaf_nodes': None, 'max_samples': None, 'min_impurity_decrease': 0.0, 'min_samples_leaf': 1, 'min_samples_split': 2, 'min_weight_fraction_leaf': 0.0, 'monotonic_cst': None, 'n_estimators': 400, 'n_jobs': -1, 'oob_score': False, 'random_state': 276743, 'verbose': 0, 'warm_start': False}",,,,,,,,,,,,,
atom_gnn__murcko_gnn,mlp,Train,all,1,TorchMLP,,,,,,,,,0.8402523732263929,1.3571348916085315,6437,0.4679823629854331,0.3359978795051574,0.958899199962616,0.0422665365040302,,256.0,1.0,0.2,0.0018382097504991,2.1176811201695203e-06,256.0,220.0,44.0,cuda:0,,,,
atom_gnn__murcko_gnn,mlp,Train,not_all6_bad,1,TorchMLP,,,,,,,,,0.8402523732263929,1.3571348916085315,6437,0.4679823629854331,0.3359978795051574,0.958899199962616,0.0422665365040302,,256.0,1.0,0.2,0.0018382097504991,2.1176811201695203e-06,256.0,220.0,44.0,cuda:0,,,,
atom_gnn__murcko_gnn,mlp,Val,all,1,TorchMLP,,,,,,,,,0.8402523732263929,1.3571348916085315,1610,0.8402523732263929,0.5923944115638733,0.8669341206550598,0.0514912717044353,,256.0,1.0,0.2,0.0018382097504991,2.1176811201695203e-06,256.0,220.0,44.0,cuda:0,,,,
atom_gnn__murcko_gnn,mlp,Val,all6_bad,1,TorchMLP,,,,,,,,,0.8402523732263929,1.3571348916085315,74,2.28872553197177,2.116889715194702,0.4933241009712219,-0.1425050050020218,,256.0,1.0,0.2,0.0018382097504991,2.1176811201695203e-06,256.0,220.0,44.0,cuda:0,,,,
atom_gnn__murcko_gnn,mlp,Val,not_all6_bad,1,TorchMLP,,,,,,,,,0.8402523732263929,1.3571348916085315,1536,0.6983365295271766,0.5189486742019653,0.9036139249801636,0.06083744764328,,256.0,1.0,0.2,0.0018382097504991,2.1176811201695203e-06,256.0,220.0,44.0,cuda:0,,,,
atom_gnn__murcko_gnn,mlp,External,all,1,TorchMLP,,,,,,,,,0.8402523732263929,1.3571348916085315,2251,1.3571348916085315,0.9298330545425416,0.5380535125732422,-0.1312039792537689,,256.0,1.0,0.2,0.0018382097504991,2.1176811201695203e-06,256.0,220.0,44.0,cuda:0,,,,
atom_gnn__murcko_gnn,mlp,External,all6_bad,1,TorchMLP,,,,,,,,,0.8402523732263929,1.3571348916085315,256,3.087177886839804,2.837522506713867,-0.2506693601608276,-0.7413980960845947,,256.0,1.0,0.2,0.0018382097504991,2.1176811201695203e-06,256.0,220.0,44.0,cuda:0,,,,
atom_gnn__murcko_gnn,mlp,External,not_all6_bad,1,TorchMLP,,,,,,,,,0.8402523732263929,1.3571348916085315,1995,0.9247568958022268,0.6850369572639465,0.7556973695755005,-0.0529033690690994,,256.0,1.0,0.2,0.0018382097504991,2.1176811201695203e-06,256.0,220.0,44.0,cuda:0,,,,
atom_gnn__murcko_gnn,ridge,Train,all,11,elastic_alpha_0.01_l1_0.5,,,,,,,,,0.8826565224918398,1.4102972493783017,6437,0.652004839181494,0.4844338595867157,0.9202202558517456,3.55572216115263e-09,"{'alpha': 0.01, 'copy_X': True, 'fit_intercept': True, 'l1_ratio': 0.5, 'max_iter': 5000, 'positive': False, 'precompute': False, 'random_state': 276817, 'selection': 'cyclic', 'tol': 0.0001, 'warm_start': False}",,,,,,,,,,,,,
atom_gnn__murcko_gnn,ridge,Train,not_all6_bad,11,elastic_alpha_0.01_l1_0.5,,,,,,,,,0.8826565224918398,1.4102972493783017,6437,0.652004839181494,0.4844338595867157,0.9202202558517456,3.55572216115263e-09,"{'alpha': 0.01, 'copy_X': True, 'fit_intercept': True, 'l1_ratio': 0.5, 'max_iter': 5000, 'positive': False, 'precompute': False, 'random_state': 276817, 'selection': 'cyclic', 'tol': 0.0001, 'warm_start': False}",,,,,,,,,,,,,
atom_gnn__murcko_gnn,ridge,Val,all,11,elastic_alpha_0.01_l1_0.5,,,,,,,,,0.8826565224918398,1.4102972493783017,1610,0.8826565224918398,0.6452202796936035,0.8531646728515625,-0.013656978495419,"{'alpha': 0.01, 'copy_X': True, 'fit_intercept': True, 'l1_ratio': 0.5, 'max_iter': 5000, 'positive': False, 'precompute': False, 'random_state': 276817, 'selection': 'cyclic', 'tol': 0.0001, 'warm_start': False}",,,,,,,,,,,,,
atom_gnn__murcko_gnn,ridge,Val,all6_bad,11,elastic_alpha_0.01_l1_0.5,,,,,,,,,0.8826565224918398,1.4102972493783017,74,2.266644794227685,2.089907169342041,0.5030533075332642,-0.2365921586751938,"{'alpha': 0.01, 'copy_X': True, 'fit_intercept': True, 'l1_ratio': 0.5, 'max_iter': 5000, 'positive': False, 'precompute': False, 'random_state': 276817, 'selection': 'cyclic', 'tol': 0.0001, 'warm_start': False}",,,,,,,,,,,,,
atom_gnn__murcko_gnn,ridge,Val,not_all6_bad,11,elastic_alpha_0.01_l1_0.5,,,,,,,,,0.8826565224918398,1.4102972493783017,1536,0.7543858796151353,0.5756194591522217,0.8875209093093872,-0.0029166142921894,"{'alpha': 0.01, 'copy_X': True, 'fit_intercept': True, 'l1_ratio': 0.5, 'max_iter': 5000, 'positive': False, 'precompute': False, 'random_state': 276817, 'selection': 'cyclic', 'tol': 0.0001, 'warm_start': False}",,,,,,,,,,,,,
atom_gnn__murcko_gnn,ridge,External,all,11,elastic_alpha_0.01_l1_0.5,,,,,,,,,0.8826565224918398,1.4102972493783017,2251,1.4102972493783017,0.9853675961494446,0.5011534690856934,-0.2123746424913406,"{'alpha': 0.01, 'copy_X': True, 'fit_intercept': True, 'l1_ratio': 0.5, 'max_iter': 5000, 'positive': False, 'precompute': False, 'random_state': 276817, 'selection': 'cyclic', 'tol': 0.0001, 'warm_start': False}",,,,,,,,,,,,,
atom_gnn__murcko_gnn,ridge,External,all6_bad,11,elastic_alpha_0.01_l1_0.5,,,,,,,,,0.8826565224918398,1.4102972493783017,256,3.143672546281987,2.870778083801269,-0.2968621253967285,-0.7820014953613281,"{'alpha': 0.01, 'copy_X': True, 'fit_intercept': True, 'l1_ratio': 0.5, 'max_iter': 5000, 'positive': False, 'precompute': False, 'random_state': 276817, 'selection': 'cyclic', 'tol': 0.0001, 'warm_start': False}",,,,,,,,,,,,,
atom_gnn__murcko_gnn,ridge,External,not_all6_bad,11,elastic_alpha_0.01_l1_0.5,,,,,,,,,0.8826565224918398,1.4102972493783017,1995,0.9879308086773676,0.7434302568435669,0.7211786508560181,-0.1392796635627746,"{'alpha': 0.01, 'copy_X': True, 'fit_intercept': True, 'l1_ratio': 0.5, 'max_iter': 5000, 'positive': False, 'precompute': False, 'random_state': 276817, 'selection': 'cyclic', 'tol': 0.0001, 'warm_start': False}",,,,,,,,,,,,,
atom_gnn__murcko_gnn,knn_svm,Train,all,4,KNeighborsRegressor,,,,,,,,,0.9181165923113268,1.4787426418811345,6437,9.271707572508858e-07,3.561515600684149e-07,0.9999999999998388,-5.514409535906176e-09,,,,,,,,,,,sklearn_knn,10.0,distance,euclidean
atom_gnn__murcko_gnn,knn_svm,Train,not_all6_bad,4,KNeighborsRegressor,,,,,,,,,0.9181165923113268,1.4787426418811345,6437,9.271707572508858e-07,3.561515600684149e-07,0.9999999999998388,-5.514409535906176e-09,,,,,,,,,,,sklearn_knn,10.0,distance,euclidean
atom_gnn__murcko_gnn,knn_svm,Val,all,4,KNeighborsRegressor,,,,,,,,,0.9181165923113268,1.4787426418811345,1610,0.9181165923113268,0.6516849847192215,0.841129669399483,-0.0101415788117261,,,,,,,,,,,sklearn_knn,10.0,distance,euclidean
atom_gnn__murcko_gnn,knn_svm,Val,all6_bad,4,KNeighborsRegressor,,,,,,,,,0.9181165923113268,1.4787426418811345,74,2.2352518957359857,2.035032502668768,0.5167234038293649,-0.2774893198070861,,,,,,,,,,,sklearn_knn,10.0,distance,euclidean
atom_gnn__murcko_gnn,knn_svm,Val,not_all6_bad,4,KNeighborsRegressor,,,,,,,,,0.9181165923113268,1.4787426418811345,1536,0.8017722586686139,0.5850393360680064,0.8729464417668573,0.0027384555851856,,,,,,,,,,,sklearn_knn,10.0,distance,euclidean
atom_gnn__murcko_gnn,knn_svm,External,all,4,KNeighborsRegressor,,,,,,,,,0.9181165923113268,1.4787426418811345,2251,1.4787426418811345,0.9991010995085976,0.4515578340195828,-0.1581443896596114,,,,,,,,,,,sklearn_knn,10.0,distance,euclidean
atom_gnn__murcko_gnn,knn_svm,External,all6_bad,4,KNeighborsRegressor,,,,,,,,,0.9181165923113268,1.4787426418811345,256,3.26724542624208,2.9258332791411155,-0.4008213424600246,-0.8008005635097537,,,,,,,,,,,sklearn_knn,10.0,distance,euclidean
atom_gnn__murcko_gnn,knn_svm,External,not_all6_bad,4,KNeighborsRegressor,,,,,,,,,0.9181165923113268,1.4787426418811345,1995,1.0475998841578795,0.751861280969287,0.686481006151072,-0.0756782340176884,,,,,,,,,,,sklearn_knn,10.0,distance,euclidean
atom_gnn__three_d_gnn,xgb,Train,all,2,XGBRegressor,800.0,5.0,0.0255710685111063,0.7,0.65,1.0,0.0,0.5,0.8337503502428958,1.3707445792286324,6437,0.1617370143656961,0.1254573762416839,0.9950907826423644,0.0002791451988741,,,,,,,,,,,,,,
atom_gnn__three_d_gnn,xgb,Train,not_all6_bad,2,XGBRegressor,800.0,5.0,0.0255710685111063,0.7,0.65,1.0,0.0,0.5,0.8337503502428958,1.3707445792286324,6437,0.1617370143656961,0.1254573762416839,0.9950907826423644,0.0002791451988741,,,,,,,,,,,,,,
atom_gnn__three_d_gnn,xgb,Val,all,2,XGBRegressor,800.0,5.0,0.0255710685111063,0.7,0.65,1.0,0.0,0.5,0.8337503502428958,1.3707445792286324,1610,0.8337503502428958,0.5830179452896118,0.8689855337142944,-0.0140356170013546,,,,,,,,,,,,,,
atom_gnn__three_d_gnn,xgb,Val,all6_bad,2,XGBRegressor,800.0,5.0,0.0255710685111063,0.7,0.65,1.0,0.0,0.5,0.8337503502428958,1.3707445792286324,74,2.3389763601542866,2.114656448364258,0.4708308577537536,-0.2791045606136322,,,,,,,,,,,,,,
atom_gnn__three_d_gnn,xgb,Val,not_all6_bad,2,XGBRegressor,800.0,5.0,0.0255710685111063,0.7,0.65,1.0,0.0,0.5,0.8337503502428958,1.3707445792286324,1536,0.681954385417814,0.5092281699180603,0.9080830812454224,-0.0012653693556785,,,,,,,,,,,,,,
atom_gnn__three_d_gnn,xgb,External,all,2,XGBRegressor,800.0,5.0,0.0255710685111063,0.7,0.65,1.0,0.0,0.5,0.8337503502428958,1.3707445792286324,2251,1.3707445792286324,0.9370524883270264,0.5287420749664307,-0.2563427090644836,,,,,,,,,,,,,,
atom_gnn__three_d_gnn,xgb,External,all6_bad,2,XGBRegressor,800.0,5.0,0.0255710685111063,0.7,0.65,1.0,0.0,0.5,0.8337503502428958,1.3707445792286324,256,3.069694631592137,2.800947427749634,-0.2365440130233764,-0.8152663707733154,,,,,,,,,,,,,,
atom_gnn__three_d_gnn,xgb,External,not_all6_bad,2,XGBRegressor,800.0,5.0,0.0255710685111063,0.7,0.65,1.0,0.0,0.5,0.8337503502428958,1.3707445792286324,1995,0.9543992264426326,0.6978759765625,0.7397844791412354,-0.1846212148666381,,,,,,,,,,,,,,
atom_gnn__three_d_gnn,rf,Train,all,6,ExtraTreesRegressor,,,,,,,,,0.852644065460116,1.38881266352731,6437,0.0675370396538734,0.0228015986556925,0.999143997424142,1.79719184660465e-17,"{'bootstrap': False, 'ccp_alpha': 0.0, 'criterion': 'squared_error', 'max_depth': None, 'max_features': 0.4, 'max_leaf_nodes': None, 'max_samples': None, 'min_impurity_decrease': 0.0, 'min_samples_leaf': 2, 'min_samples_split': 2, 'min_weight_fraction_leaf': 0.0, 'monotonic_cst': None, 'n_estimators': 600, 'n_jobs': -1, 'oob_score': False, 'random_state': 277749, 'verbose': 0, 'warm_start': False}",,,,,,,,,,,,,
atom_gnn__three_d_gnn,rf,Train,not_all6_bad,6,ExtraTreesRegressor,,,,,,,,,0.852644065460116,1.38881266352731,6437,0.0675370396538734,0.0228015986556925,0.999143997424142,1.79719184660465e-17,"{'bootstrap': False, 'ccp_alpha': 0.0, 'criterion': 'squared_error', 'max_depth': None, 'max_features': 0.4, 'max_leaf_nodes': None, 'max_samples': None, 'min_impurity_decrease': 0.0, 'min_samples_leaf': 2, 'min_samples_split': 2, 'min_weight_fraction_leaf': 0.0, 'monotonic_cst': None, 'n_estimators': 600, 'n_jobs': -1, 'oob_score': False, 'random_state': 277749, 'verbose': 0, 'warm_start': False}",,,,,,,,,,,,,
atom_gnn__three_d_gnn,rf,Val,all,6,ExtraTreesRegressor,,,,,,,,,0.852644065460116,1.38881266352731,1610,0.852644065460116,0.593186092749534,0.8629804066079345,-0.0199435776990354,"{'bootstrap': False, 'ccp_alpha': 0.0, 'criterion': 'squared_error', 'max_depth': None, 'max_features': 0.4, 'max_leaf_nodes': None, 'max_samples': None, 'min_impurity_decrease': 0.0, 'min_samples_leaf': 2, 'min_samples_split': 2, 'min_weight_fraction_leaf': 0.0, 'monotonic_cst': None, 'n_estimators': 600, 'n_jobs': -1, 'oob_score': False, 'random_state': 277749, 'verbose': 0, 'warm_start': False}",,,,,,,,,,,,,
atom_gnn__three_d_gnn,rf,Val,all6_bad,6,ExtraTreesRegressor,,,,,,,,,0.852644065460116,1.38881266352731,74,2.394330547831773,2.167126183317922,0.4454878926646963,-0.3048805602818289,"{'bootstrap': False, 'ccp_alpha': 0.0, 'criterion': 'squared_error', 'max_depth': None, 'max_features': 0.4, 'max_leaf_nodes': None, 'max_samples': None, 'min_impurity_decrease': 0.0, 'min_samples_leaf': 2, 'min_samples_split': 2, 'min_weight_fraction_leaf': 0.0, 'monotonic_cst': None, 'n_estimators': 600, 'n_jobs': -1, 'oob_score': False, 'random_state': 277749, 'verbose': 0, 'warm_start': False}",,,,,,,,,,,,,
atom_gnn__three_d_gnn,rf,Val,not_all6_bad,6,ExtraTreesRegressor,,,,,,,,,0.852644065460116,1.38881266352731,1536,0.6970195448271185,0.5173582498445466,0.9039771275479908,-0.0062161449443956,"{'bootstrap': False, 'ccp_alpha': 0.0, 'criterion': 'squared_error', 'max_depth': None, 'max_features': 0.4, 'max_leaf_nodes': None, 'max_samples': None, 'min_impurity_decrease': 0.0, 'min_samples_leaf': 2, 'min_samples_split': 2, 'min_weight_fraction_leaf': 0.0, 'monotonic_cst': None, 'n_estimators': 600, 'n_jobs': -1, 'oob_score': False, 'random_state': 277749, 'verbose': 0, 'warm_start': False}",,,,,,,,,,,,,
atom_gnn__three_d_gnn,rf,External,all,6,ExtraTreesRegressor,,,,,,,,,0.852644065460116,1.38881266352731,2251,1.38881266352731,0.9534835732506942,0.5162366313313738,-0.2585218624582761,"{'bootstrap': False, 'ccp_alpha': 0.0, 'criterion': 'squared_error', 'max_depth': None, 'max_features': 0.4, 'max_leaf_nodes': None, 'max_samples': None, 'min_impurity_decrease': 0.0, 'min_samples_leaf': 2, 'min_samples_split': 2, 'min_weight_fraction_leaf': 0.0, 'monotonic_cst': None, 'n_estimators': 600, 'n_jobs': -1, 'oob_score': False, 'random_state': 277749, 'verbose': 0, 'warm_start': False}",,,,,,,,,,,,,
atom_gnn__three_d_gnn,rf,External,all6_bad,6,ExtraTreesRegressor,,,,,,,,,0.852644065460116,1.38881266352731,256,3.0628173997204047,2.792479640580378,-0.2310096114420599,-0.7899357813880259,"{'bootstrap': False, 'ccp_alpha': 0.0, 'criterion': 'squared_error', 'max_depth': None, 'max_features': 0.4, 'max_leaf_nodes': None, 'max_samples': None, 'min_impurity_decrease': 0.0, 'min_samples_leaf': 2, 'min_samples_split': 2, 'min_weight_fraction_leaf': 0.0, 'monotonic_cst': None, 'n_estimators': 600, 'n_jobs': -1, 'oob_score': False, 'random_state': 277749, 'verbose': 0, 'warm_start': False}",,,,,,,,,,,,,
atom_gnn__three_d_gnn,rf,External,not_all6_bad,6,ExtraTreesRegressor,,,,,,,,,0.852644065460116,1.38881266352731,1995,0.9861782831808006,0.7175021230068853,0.7221669909729227,-0.1903304021845839,"{'bootstrap': False, 'ccp_alpha': 0.0, 'criterion': 'squared_error', 'max_depth': None, 'max_features': 0.4, 'max_leaf_nodes': None, 'max_samples': None, 'min_impurity_decrease': 0.0, 'min_samples_leaf': 2, 'min_samples_split': 2, 'min_weight_fraction_leaf': 0.0, 'monotonic_cst': None, 'n_estimators': 600, 'n_jobs': -1, 'oob_score': False, 'random_state': 277749, 'verbose': 0, 'warm_start': False}",,,,,,,,,,,,,
atom_gnn__three_d_gnn,mlp,Train,all,1,TorchMLP,,,,,,,,,0.8299672490288091,1.318902927950817,6437,0.3499177393293068,0.2499480545520782,0.9770214557647704,0.043641161173582,,256.0,3.0,0.05,0.0006199235222265,0.0008617664208147,128.0,220.0,23.0,cuda:0,,,,
atom_gnn__three_d_gnn,mlp,Train,not_all6_bad,1,TorchMLP,,,,,,,,,0.8299672490288091,1.318902927950817,6437,0.3499177393293068,0.2499480545520782,0.9770214557647704,0.043641161173582,,256.0,3.0,0.05,0.0006199235222265,0.0008617664208147,128.0,220.0,23.0,cuda:0,,,,
atom_gnn__three_d_gnn,mlp,Val,all,1,TorchMLP,,,,,,,,,0.8299672490288091,1.318902927950817,1610,0.8299672490288091,0.5784546136856079,0.8701717853546143,0.0545612126588821,,256.0,3.0,0.05,0.0006199235222265,0.0008617664208147,128.0,220.0,23.0,cuda:0,,,,
atom_gnn__three_d_gnn,mlp,Val,all6_bad,1,TorchMLP,,,,,,,,,0.8299672490288091,1.318902927950817,74,2.31893438135689,2.1250178813934326,0.4798606038093567,-0.1552570909261703,,256.0,3.0,0.05,0.0006199235222265,0.0008617664208147,128.0,220.0,23.0,cuda:0,,,,
atom_gnn__three_d_gnn,mlp,Val,not_all6_bad,1,TorchMLP,,,,,,,,,0.8299672490288091,1.318902927950817,1536,0.6804131109569528,0.5039457678794861,0.9084981083869934,0.0646696463227272,,256.0,3.0,0.05,0.0006199235222265,0.0008617664208147,128.0,220.0,23.0,cuda:0,,,,
atom_gnn__three_d_gnn,mlp,External,all,1,TorchMLP,,,,,,,,,0.8299672490288091,1.318902927950817,2251,1.318902927950817,0.8953568339347839,0.5637139678001404,-0.1733709126710891,,256.0,3.0,0.05,0.0006199235222265,0.0008617664208147,128.0,220.0,23.0,cuda:0,,,,
atom_gnn__three_d_gnn,mlp,External,all6_bad,1,TorchMLP,,,,,,,,,0.8299672490288091,1.318902927950817,256,3.0041026037601406,2.747384548187256,-0.1842645406723022,-0.7132924199104309,,256.0,3.0,0.05,0.0006199235222265,0.0008617664208147,128.0,220.0,23.0,cuda:0,,,,
atom_gnn__three_d_gnn,mlp,External,not_all6_bad,1,TorchMLP,,,,,,,,,0.8299672490288091,1.318902927950817,1995,0.8970349518102038,0.6577032208442688,0.7701250314712524,-0.1040877476334571,,256.0,3.0,0.05,0.0006199235222265,0.0008617664208147,128.0,220.0,23.0,cuda:0,,,,
atom_gnn__three_d_gnn,ridge,Train,all,0,ridge_alpha_0.01,,,,,,,,,0.8795201171127042,1.4258025703403796,6437,0.4787842911075367,0.3552659153938293,0.9569799900054932,2.2172891931404592e-06,"{'alpha': 0.01, 'copy_X': True, 'fit_intercept': True, 'max_iter': None, 'positive': False, 'random_state': None, 'solver': 'auto', 'tol': 0.0001}",,,,,,,,,,,,,
atom_gnn__three_d_gnn,ridge,Train,not_all6_bad,0,ridge_alpha_0.01,,,,,,,,,0.8795201171127042,1.4258025703403796,6437,0.4787842911075367,0.3552659153938293,0.9569799900054932,2.2172891931404592e-06,"{'alpha': 0.01, 'copy_X': True, 'fit_intercept': True, 'max_iter': None, 'positive': False, 'random_state': None, 'solver': 'auto', 'tol': 0.0001}",,,,,,,,,,,,,
atom_gnn__three_d_gnn,ridge,Val,all,0,ridge_alpha_0.01,,,,,,,,,0.8795201171127042,1.4258025703403796,1610,0.8795201171127042,0.6431593894958496,0.8542063236236572,-0.0082943700253963,"{'alpha': 0.01, 'copy_X': True, 'fit_intercept': True, 'max_iter': None, 'positive': False, 'random_state': None, 'solver': 'auto', 'tol': 0.0001}",,,,,,,,,,,,,
atom_gnn__three_d_gnn,ridge,Val,all6_bad,0,ridge_alpha_0.01,,,,,,,,,0.8795201171127042,1.4258025703403796,74,2.297545250912956,2.0968592166900635,0.4894115328788757,-0.2335734516382217,"{'alpha': 0.01, 'copy_X': True, 'fit_intercept': True, 'max_iter': None, 'positive': False, 'random_state': None, 'solver': 'auto', 'tol': 0.0001}",,,,,,,,,,,,,
atom_gnn__three_d_gnn,ridge,Val,not_all6_bad,0,ridge_alpha_0.01,,,,,,,,,0.8795201171127042,1.4258025703403796,1536,0.7459961592675101,0.5731242895126343,0.890008807182312,0.0025589168071746,"{'alpha': 0.01, 'copy_X': True, 'fit_intercept': True, 'max_iter': None, 'positive': False, 'random_state': None, 'solver': 'auto', 'tol': 0.0001}",,,,,,,,,,,,,
atom_gnn__three_d_gnn,ridge,External,all,0,ridge_alpha_0.01,,,,,,,,,0.8795201171127042,1.4258025703403796,2251,1.4258025703403796,0.991510272026062,0.4901242256164551,-0.2406283020973205,"{'alpha': 0.01, 'copy_X': True, 'fit_intercept': True, 'max_iter': None, 'positive': False, 'random_state': None, 'solver': 'auto', 'tol': 0.0001}",,,,,,,,,,,,,
atom_gnn__three_d_gnn,ridge,External,all6_bad,0,ridge_alpha_0.01,,,,,,,,,0.8795201171127042,1.4258025703403796,256,3.08712521645151,2.7739381790161133,-0.2506266832351684,-0.7778515815734863,"{'alpha': 0.01, 'copy_X': True, 'fit_intercept': True, 'max_iter': None, 'positive': False, 'random_state': None, 'solver': 'auto', 'tol': 0.0001}",,,,,,,,,,,,,
atom_gnn__three_d_gnn,ridge,External,not_all6_bad,0,ridge_alpha_0.01,,,,,,,,,0.8795201171127042,1.4258025703403796,1995,1.0348124382976098,0.7627876996994019,0.6940882205963135,-0.1716913878917694,"{'alpha': 0.01, 'copy_X': True, 'fit_intercept': True, 'max_iter': None, 'positive': False, 'random_state': None, 'solver': 'auto', 'tol': 0.0001}",,,,,,,,,,,,,
atom_gnn__three_d_gnn,knn_svm,Train,all,4,KNeighborsRegressor,,,,,,,,,0.9112830540961692,1.5264875854369897,6437,6.334992052278842e-07,3.611589525635268e-07,0.9999999999999248,-4.4926791532968376e-08,,,,,,,,,,,sklearn_knn,10.0,distance,euclidean
atom_gnn__three_d_gnn,knn_svm,Train,not_all6_bad,4,KNeighborsRegressor,,,,,,,,,0.9112830540961692,1.5264875854369897,6437,6.334992052278842e-07,3.611589525635268e-07,0.9999999999999248,-4.4926791532968376e-08,,,,,,,,,,,sklearn_knn,10.0,distance,euclidean
atom_gnn__three_d_gnn,knn_svm,Val,all,4,KNeighborsRegressor,,,,,,,,,0.9112830540961692,1.5264875854369897,1610,0.9112830540961692,0.6484780253833333,0.8434858107724422,-0.0501156295838105,,,,,,,,,,,sklearn_knn,10.0,distance,euclidean
atom_gnn__three_d_gnn,knn_svm,Val,all6_bad,4,KNeighborsRegressor,,,,,,,,,0.9112830540961692,1.5264875854369897,74,2.3182523645405904,2.069738172016148,0.4801665247052763,-0.2504577505106669,,,,,,,,,,,sklearn_knn,10.0,distance,euclidean
atom_gnn__three_d_gnn,knn_svm,Val,not_all6_bad,4,KNeighborsRegressor,,,,,,,,,0.9112830540961692,1.5264875854369897,1536,0.7820019288283271,0.5800058568606584,0.879135035263939,-0.0404637305287406,,,,,,,,,,,sklearn_knn,10.0,distance,euclidean
atom_gnn__three_d_gnn,knn_svm,External,all,4,KNeighborsRegressor,,,,,,,,,0.9112830540961692,1.5264875854369897,2251,1.5264875854369897,1.040681325088978,0.4155704086891392,-0.2696879314693324,,,,,,,,,,,sklearn_knn,10.0,distance,euclidean
atom_gnn__three_d_gnn,knn_svm,External,all6_bad,4,KNeighborsRegressor,,,,,,,,,0.9112830540961692,1.5264875854369897,256,3.236194881504669,2.8888815994200363,-0.3743222125291703,-0.8264787686813624,,,,,,,,,,,sklearn_knn,10.0,distance,euclidean
atom_gnn__three_d_gnn,knn_svm,External,not_all6_bad,4,KNeighborsRegressor,,,,,,,,,0.9112830540961692,1.5264875854369897,1995,1.1336995302873376,0.8035187836209325,0.63282854823791,-0.1982400846892424,,,,,,,,,,,sklearn_knn,10.0,distance,euclidean
brics_gnn__murcko_gnn,xgb,Train,all,10,XGBRegressor,300.0,6.0,0.0389041379241969,0.7,1.0,1.0,0.0,5.0,0.8974294231472952,1.3566548108106944,6437,0.4139721429950277,0.3056485056877136,0.967838704586029,-0.0003046876227017,,,,,,,,,,,,,,
brics_gnn__murcko_gnn,xgb,Train,not_all6_bad,10,XGBRegressor,300.0,6.0,0.0389041379241969,0.7,1.0,1.0,0.0,5.0,0.8974294231472952,1.3566548108106944,6437,0.4139721429950277,0.3056485056877136,0.967838704586029,-0.0003046876227017,,,,,,,,,,,,,,
brics_gnn__murcko_gnn,xgb,Val,all,10,XGBRegressor,300.0,6.0,0.0389041379241969,0.7,1.0,1.0,0.0,5.0,0.8974294231472952,1.3566548108106944,1610,0.8974294231472952,0.6507484912872314,0.8482084274291992,-0.0187672581523656,,,,,,,,,,,,,,
brics_gnn__murcko_gnn,xgb,Val,all6_bad,10,XGBRegressor,300.0,6.0,0.0389041379241969,0.7,1.0,1.0,0.0,5.0,0.8974294231472952,1.3566548108106944,74,2.281704791994902,2.1386568546295166,0.4964277744293213,-0.212679848074913,,,,,,,,,,,,,,
brics_gnn__murcko_gnn,xgb,Val,not_all6_bad,10,XGBRegressor,300.0,6.0,0.0389041379241969,0.7,1.0,1.0,0.0,5.0,0.8974294231472952,1.3566548108106944,1536,0.770299924550504,0.5790653824806213,0.8827252388000488,-0.0094251157715916,,,,,,,,,,,,,,
brics_gnn__murcko_gnn,xgb,External,all,10,XGBRegressor,300.0,6.0,0.0389041379241969,0.7,1.0,1.0,0.0,5.0,0.8974294231472952,1.3566548108106944,2251,1.3566548108106944,0.9088557362556458,0.5383802652359009,-0.1273415386676788,,,,,,,,,,,,,,
brics_gnn__murcko_gnn,xgb,External,all6_bad,10,XGBRegressor,300.0,6.0,0.0389041379241969,0.7,1.0,1.0,0.0,5.0,0.8974294231472952,1.3566548108106944,256,3.13291371626744,2.8322527408599854,-0.2880007028579712,-0.7786511182785034,,,,,,,,,,,,,,
brics_gnn__murcko_gnn,xgb,External,not_all6_bad,10,XGBRegressor,300.0,6.0,0.0389041379241969,0.7,1.0,1.0,0.0,5.0,0.8974294231472952,1.3566548108106944,1995,0.9039915488046396,0.6620439291000366,0.7665457725524902,-0.0437649711966514,,,,,,,,,,,,,,
brics_gnn__murcko_gnn,rf,Train,all,7,RandomForestRegressor,,,,,,,,,0.8975794388528776,1.3604363419033467,6437,0.3112937467182479,0.2197137594673783,0.981814224554533,-0.0009635134647274,"{'bootstrap': True, 'ccp_alpha': 0.0, 'criterion': 'squared_error', 'max_depth': 22, 'max_features': 0.4, 'max_leaf_nodes': None, 'max_samples': None, 'min_impurity_decrease': 0.0, 'min_samples_leaf': 2, 'min_samples_split': 2, 'min_weight_fraction_leaf': 0.0, 'monotonic_cst': None, 'n_estimators': 600, 'n_jobs': -1, 'oob_score': False, 'random_state': 278750, 'verbose': 0, 'warm_start': False}",,,,,,,,,,,,,
brics_gnn__murcko_gnn,rf,Train,not_all6_bad,7,RandomForestRegressor,,,,,,,,,0.8975794388528776,1.3604363419033467,6437,0.3112937467182479,0.2197137594673783,0.981814224554533,-0.0009635134647274,"{'bootstrap': True, 'ccp_alpha': 0.0, 'criterion': 'squared_error', 'max_depth': 22, 'max_features': 0.4, 'max_leaf_nodes': None, 'max_samples': None, 'min_impurity_decrease': 0.0, 'min_samples_leaf': 2, 'min_samples_split': 2, 'min_weight_fraction_leaf': 0.0, 'monotonic_cst': None, 'n_estimators': 600, 'n_jobs': -1, 'oob_score': False, 'random_state': 278750, 'verbose': 0, 'warm_start': False}",,,,,,,,,,,,,
brics_gnn__murcko_gnn,rf,Val,all,7,RandomForestRegressor,,,,,,,,,0.8975794388528776,1.3604363419033467,1610,0.8975794388528776,0.6477210330503941,0.8481576494438245,-0.0222894412736519,"{'bootstrap': True, 'ccp_alpha': 0.0, 'criterion': 'squared_error', 'max_depth': 22, 'max_features': 0.4, 'max_leaf_nodes': None, 'max_samples': None, 'min_impurity_decrease': 0.0, 'min_samples_leaf': 2, 'min_samples_split': 2, 'min_weight_fraction_leaf': 0.0, 'monotonic_cst': None, 'n_estimators': 600, 'n_jobs': -1, 'oob_score': False, 'random_state': 278750, 'verbose': 0, 'warm_start': False}",,,,,,,,,,,,,
brics_gnn__murcko_gnn,rf,Val,all6_bad,7,RandomForestRegressor,,,,,,,,,0.8975794388528776,1.3604363419033467,74,2.283370665915077,2.14880011162163,0.4956922351966107,-0.2076432362047566,"{'bootstrap': True, 'ccp_alpha': 0.0, 'criterion': 'squared_error', 'max_depth': 22, 'max_features': 0.4, 'max_leaf_nodes': None, 'max_samples': None, 'min_impurity_decrease': 0.0, 'min_samples_leaf': 2, 'min_samples_split': 2, 'min_weight_fraction_leaf': 0.0, 'monotonic_cst': None, 'n_estimators': 600, 'n_jobs': -1, 'oob_score': False, 'random_state': 278750, 'verbose': 0, 'warm_start': False}",,,,,,,,,,,,,
brics_gnn__murcko_gnn,rf,Val,not_all6_bad,7,RandomForestRegressor,,,,,,,,,0.8975794388528776,1.3604363419033467,1536,0.7702453312177965,0.5754034211921444,0.8827418790816779,-0.0133596360491065,"{'bootstrap': True, 'ccp_alpha': 0.0, 'criterion': 'squared_error', 'max_depth': 22, 'max_features': 0.4, 'max_leaf_nodes': None, 'max_samples': None, 'min_impurity_decrease': 0.0, 'min_samples_leaf': 2, 'min_samples_split': 2, 'min_weight_fraction_leaf': 0.0, 'monotonic_cst': None, 'n_estimators': 600, 'n_jobs': -1, 'oob_score': False, 'random_state': 278750, 'verbose': 0, 'warm_start': False}",,,,,,,,,,,,,
brics_gnn__murcko_gnn,rf,External,all,7,RandomForestRegressor,,,,,,,,,0.8975794388528776,1.3604363419033467,2251,1.3604363419033467,0.9033465811600516,0.5358032516860454,-0.1278165751569402,"{'bootstrap': True, 'ccp_alpha': 0.0, 'criterion': 'squared_error', 'max_depth': 22, 'max_features': 0.4, 'max_leaf_nodes': None, 'max_samples': None, 'min_impurity_decrease': 0.0, 'min_samples_leaf': 2, 'min_samples_split': 2, 'min_weight_fraction_leaf': 0.0, 'monotonic_cst': None, 'n_estimators': 600, 'n_jobs': -1, 'oob_score': False, 'random_state': 278750, 'verbose': 0, 'warm_start': False}",,,,,,,,,,,,,
brics_gnn__murcko_gnn,rf,External,all6_bad,7,RandomForestRegressor,,,,,,,,,0.8975794388528776,1.3604363419033467,256,3.1315163494124945,2.83578634743044,-0.2868519929367925,-0.7723090738648515,"{'bootstrap': True, 'ccp_alpha': 0.0, 'criterion': 'squared_error', 'max_depth': 22, 'max_features': 0.4, 'max_leaf_nodes': None, 'max_samples': None, 'min_impurity_decrease': 0.0, 'min_samples_leaf': 2, 'min_samples_split': 2, 'min_weight_fraction_leaf': 0.0, 'monotonic_cst': None, 'n_estimators': 600, 'n_jobs': -1, 'oob_score': False, 'random_state': 278750, 'verbose': 0, 'warm_start': False}",,,,,,,,,,,,,
brics_gnn__murcko_gnn,rf,External,not_all6_bad,7,RandomForestRegressor,,,,,,,,,0.8975794388528776,1.3604363419033467,1995,0.910997855045816,0.6553743605258564,0.7629130323174182,-0.0451147808365266,"{'bootstrap': True, 'ccp_alpha': 0.0, 'criterion': 'squared_error', 'max_depth': 22, 'max_features': 0.4, 'max_leaf_nodes': None, 'max_samples': None, 'min_impurity_decrease': 0.0, 'min_samples_leaf': 2, 'min_samples_split': 2, 'min_weight_fraction_leaf': 0.0, 'monotonic_cst': None, 'n_estimators': 600, 'n_jobs': -1, 'oob_score': False, 'random_state': 278750, 'verbose': 0, 'warm_start': False}",,,,,,,,,,,,,
brics_gnn__murcko_gnn,mlp,Train,all,5,TorchMLP,,,,,,,,,0.9038541299074688,1.348791733203049,6437,0.6378152451182777,0.4745337069034576,0.9236549735069276,0.0074831470847129,,384.0,1.0,0.1,0.0005656287140722,1.0410226167861703e-05,256.0,220.0,40.0,cuda:0,,,,
brics_gnn__murcko_gnn,mlp,Train,not_all6_bad,5,TorchMLP,,,,,,,,,0.9038541299074688,1.348791733203049,6437,0.6378152451182777,0.4745337069034576,0.9236549735069276,0.0074831470847129,,384.0,1.0,0.1,0.0005656287140722,1.0410226167861703e-05,256.0,220.0,40.0,cuda:0,,,,
brics_gnn__murcko_gnn,mlp,Val,all,5,TorchMLP,,,,,,,,,0.9038541299074688,1.348791733203049,1610,0.9038541299074688,0.6687479019165039,0.8460272550582886,-0.011074767448008,,384.0,1.0,0.1,0.0005656287140722,1.0410226167861703e-05,256.0,220.0,40.0,cuda:0,,,,
brics_gnn__murcko_gnn,mlp,Val,all6_bad,5,TorchMLP,,,,,,,,,0.9038541299074688,1.348791733203049,74,2.2394944875674443,2.107532024383545,0.5148870944976807,-0.2186532914638519,,384.0,1.0,0.1,0.0005656287140722,1.0410226167861703e-05,256.0,220.0,40.0,cuda:0,,,,
brics_gnn__murcko_gnn,mlp,Val,not_all6_bad,5,TorchMLP,,,,,,,,,0.9038541299074688,1.348791733203049,1536,0.7840194443412897,0.5994313359260559,0.878510594367981,-0.0010742446174845,,384.0,1.0,0.1,0.0005656287140722,1.0410226167861703e-05,256.0,220.0,40.0,cuda:0,,,,
brics_gnn__murcko_gnn,mlp,External,all,5,TorchMLP,,,,,,,,,0.9038541299074688,1.348791733203049,2251,1.348791733203049,0.9294270873069764,0.5437158346176147,-0.102950319647789,,384.0,1.0,0.1,0.0005656287140722,1.0410226167861703e-05,256.0,220.0,40.0,cuda:0,,,,
brics_gnn__murcko_gnn,mlp,External,all6_bad,5,TorchMLP,,,,,,,,,0.9038541299074688,1.348791733203049,256,3.099578145764623,2.817265510559082,-0.2607367038726806,-0.7460247278213501,,384.0,1.0,0.1,0.0005656287140722,1.0410226167861703e-05,256.0,220.0,40.0,cuda:0,,,,
brics_gnn__murcko_gnn,mlp,External,not_all6_bad,5,TorchMLP,,,,,,,,,0.9038541299074688,1.348791733203049,1995,0.9054600462606276,0.6871781945228577,0.7657867074012756,-0.0204304978251457,,384.0,1.0,0.1,0.0005656287140722,1.0410226167861703e-05,256.0,220.0,40.0,cuda:0,,,,
brics_gnn__murcko_gnn,ridge,Train,all,7,ridge_alpha_300.0,,,,,,,,,0.956955700441947,1.395727248454456,6437,0.7500560660069207,0.5671178698539734,0.8944207429885864,8.296685116704339e-09,"{'alpha': 300.0, 'copy_X': True, 'fit_intercept': True, 'max_iter': None, 'positive': False, 'random_state': None, 'solver': 'auto', 'tol': 0.0001}",,,,,,,,,,,,,
brics_gnn__murcko_gnn,ridge,Train,not_all6_bad,7,ridge_alpha_300.0,,,,,,,,,0.956955700441947,1.395727248454456,6437,0.7500560660069207,0.5671178698539734,0.8944207429885864,8.296685116704339e-09,"{'alpha': 300.0, 'copy_X': True, 'fit_intercept': True, 'max_iter': None, 'positive': False, 'random_state': None, 'solver': 'auto', 'tol': 0.0001}",,,,,,,,,,,,,
brics_gnn__murcko_gnn,ridge,Val,all,7,ridge_alpha_300.0,,,,,,,,,0.956955700441947,1.395727248454456,1610,0.956955700441947,0.7216423749923706,0.8274039626121521,-0.0212889909744262,"{'alpha': 300.0, 'copy_X': True, 'fit_intercept': True, 'max_iter': None, 'positive': False, 'random_state': None, 'solver': 'auto', 'tol': 0.0001}",,,,,,,,,,,,,
brics_gnn__murcko_gnn,ridge,Val,all6_bad,7,ridge_alpha_300.0,,,,,,,,,0.956955700441947,1.395727248454456,74,2.279007737257487,2.1110780239105225,0.4976176023483276,-0.2180028408765792,"{'alpha': 300.0, 'copy_X': True, 'fit_intercept': True, 'max_iter': None, 'positive': False, 'random_state': None, 'solver': 'auto', 'tol': 0.0001}",,,,,,,,,,,,,
brics_gnn__murcko_gnn,ridge,Val,not_all6_bad,7,ridge_alpha_300.0,,,,,,,,,0.956955700441947,1.395727248454456,1536,0.8424115691482812,0.6547033786773682,0.859740138053894,-0.0118118971586227,"{'alpha': 300.0, 'copy_X': True, 'fit_intercept': True, 'max_iter': None, 'positive': False, 'random_state': None, 'solver': 'auto', 'tol': 0.0001}",,,,,,,,,,,,,
brics_gnn__murcko_gnn,ridge,External,all,7,ridge_alpha_300.0,,,,,,,,,0.956955700441947,1.395727248454456,2251,1.395727248454456,0.977159321308136,0.5114075541496277,-0.1159583255648613,"{'alpha': 300.0, 'copy_X': True, 'fit_intercept': True, 'max_iter': None, 'positive': False, 'random_state': None, 'solver': 'auto', 'tol': 0.0001}",,,,,,,,,,,,,
brics_gnn__murcko_gnn,ridge,External,all6_bad,7,ridge_alpha_300.0,,,,,,,,,0.956955700441947,1.395727248454456,256,3.141416687130992,2.851449966430664,-0.2950016260147095,-0.7619317770004272,"{'alpha': 300.0, 'copy_X': True, 'fit_intercept': True, 'max_iter': None, 'positive': False, 'random_state': None, 'solver': 'auto', 'tol': 0.0001}",,,,,,,,,,,,,
brics_gnn__murcko_gnn,ridge,External,not_all6_bad,7,ridge_alpha_300.0,,,,,,,,,0.956955700441947,1.395727248454456,1995,0.9652444725481042,0.7366488575935364,0.7338370084762573,-0.0330664813518524,"{'alpha': 300.0, 'copy_X': True, 'fit_intercept': True, 'max_iter': None, 'positive': False, 'random_state': None, 'solver': 'auto', 'tol': 0.0001}",,,,,,,,,,,,,
brics_gnn__murcko_gnn,knn_svm,Train,all,4,KNeighborsRegressor,,,,,,,,,0.9604476247354122,1.3925654106443393,6437,0.0970945174872342,0.0253162252507974,0.9982307856770924,-0.0002017521981803,,,,,,,,,,,sklearn_knn,10.0,distance,euclidean
brics_gnn__murcko_gnn,knn_svm,Train,not_all6_bad,4,KNeighborsRegressor,,,,,,,,,0.9604476247354122,1.3925654106443393,6437,0.0970945174872342,0.0253162252507974,0.9982307856770924,-0.0002017521981803,,,,,,,,,,,sklearn_knn,10.0,distance,euclidean
brics_gnn__murcko_gnn,knn_svm,Val,all,4,KNeighborsRegressor,,,,,,,,,0.9604476247354122,1.3925654106443393,1610,0.9604476247354122,0.6909511481883266,0.826142071481337,0.0037741635968211,,,,,,,,,,,sklearn_knn,10.0,distance,euclidean
brics_gnn__murcko_gnn,knn_svm,Val,all6_bad,4,KNeighborsRegressor,,,,,,,,,0.9604476247354122,1.3925654106443393,74,2.383571040845309,2.182210861063969,0.4504603651913289,-0.2064669944492952,,,,,,,,,,,sklearn_knn,10.0,distance,euclidean
brics_gnn__murcko_gnn,knn_svm,Val,not_all6_bad,4,KNeighborsRegressor,,,,,,,,,0.9604476247354122,1.3925654106443393,1536,0.8325786738172859,0.619106604729474,0.8629953378840898,0.0139029693881053,,,,,,,,,,,sklearn_knn,10.0,distance,euclidean
brics_gnn__murcko_gnn,knn_svm,External,all,4,KNeighborsRegressor,,,,,,,,,0.9604476247354122,1.3925654106443393,2251,1.3925654106443393,0.9142517940393932,0.5136187197713828,-0.0610782460942066,,,,,,,,,,,sklearn_knn,10.0,distance,euclidean
brics_gnn__murcko_gnn,knn_svm,External,all6_bad,4,KNeighborsRegressor,,,,,,,,,0.9604476247354122,1.3925654106443393,256,3.200855499751925,2.835913837430793,-0.344470786111267,-0.7074519983632961,,,,,,,,,,,sklearn_knn,10.0,distance,euclidean
brics_gnn__murcko_gnn,knn_svm,External,not_all6_bad,4,KNeighborsRegressor,,,,,,,,,0.9604476247354122,1.3925654106443393,1995,0.9345455389296538,0.6676625794488175,0.7504980692651092,0.0218649521919522,,,,,,,,,,,sklearn_knn,10.0,distance,euclidean
brics_gnn__three_d_gnn,xgb,Train,all,10,XGBRegressor,1100.0,5.0,0.0266055348159013,0.7,1.0,1.0,0.0001,0.5,0.8396828075827242,1.3301134370886123,6437,0.1308210302511477,0.1022867858409881,0.996788203716278,0.0001662447466515,,,,,,,,,,,,,,
brics_gnn__three_d_gnn,xgb,Train,not_all6_bad,10,XGBRegressor,1100.0,5.0,0.0266055348159013,0.7,1.0,1.0,0.0001,0.5,0.8396828075827242,1.3301134370886123,6437,0.1308210302511477,0.1022867858409881,0.996788203716278,0.0001662447466515,,,,,,,,,,,,,,
brics_gnn__three_d_gnn,xgb,Val,all,10,XGBRegressor,1100.0,5.0,0.0266055348159013,0.7,1.0,1.0,0.0001,0.5,0.8396828075827242,1.3301134370886123,1610,0.8396828075827242,0.5876736640930176,0.8671144843101501,-0.0110939880833029,,,,,,,,,,,,,,
brics_gnn__three_d_gnn,xgb,Val,all6_bad,10,XGBRegressor,1100.0,5.0,0.0266055348159013,0.7,1.0,1.0,0.0001,0.5,0.8396828075827242,1.3301134370886123,74,2.322736815830152,2.1087043285369877,0.4781534075736999,-0.265914648771286,,,,,,,,,,,,,,
brics_gnn__three_d_gnn,xgb,Val,not_all6_bad,10,XGBRegressor,1100.0,5.0,0.0266055348159013,0.7,1.0,1.0,0.0001,0.5,0.8396828075827242,1.3301134370886123,1536,0.6921812337070757,0.5143948197364807,0.905305564403534,0.0011825325200334,,,,,,,,,,,,,,
brics_gnn__three_d_gnn,xgb,External,all,10,XGBRegressor,1100.0,5.0,0.0266055348159013,0.7,1.0,1.0,0.0001,0.5,0.8396828075827242,1.3301134370886123,2251,1.3301134370886123,0.9050832390785216,0.5562657117843628,-0.2094196230173111,,,,,,,,,,,,,,
brics_gnn__three_d_gnn,xgb,External,all6_bad,10,XGBRegressor,1100.0,5.0,0.0266055348159013,0.7,1.0,1.0,0.0001,0.5,0.8396828075827242,1.3301134370886123,256,3.045129207381591,2.786527156829834,-0.216832160949707,-0.7822035551071167,,,,,,,,,,,,,,
brics_gnn__three_d_gnn,xgb,External,not_all6_bad,10,XGBRegressor,1100.0,5.0,0.0266055348159013,0.7,1.0,1.0,0.0001,0.5,0.8396828075827242,1.3301134370886123,1995,0.8979601379693123,0.6636548638343811,0.7696505784988403,-0.1359195560216903,,,,,,,,,,,,,,
brics_gnn__three_d_gnn,rf,Train,all,2,ExtraTreesRegressor,,,,,,,,,0.8499039052419356,1.328867228025836,6437,0.0080782032236766,0.0041467893559867,0.9999877532576829,1.2745919142426452e-17,"{'bootstrap': False, 'ccp_alpha': 0.0, 'criterion': 'squared_error', 'max_depth': 22, 'max_features': 'sqrt', 'max_leaf_nodes': None, 'max_samples': None, 'min_impurity_decrease': 0.0, 'min_samples_leaf': 1, 'min_samples_split': 2, 'min_weight_fraction_leaf': 0.0, 'monotonic_cst': None, 'n_estimators': 400, 'n_jobs': -1, 'oob_score': False, 'random_state': 279745, 'verbose': 0, 'warm_start': False}",,,,,,,,,,,,,
brics_gnn__three_d_gnn,rf,Train,not_all6_bad,2,ExtraTreesRegressor,,,,,,,,,0.8499039052419356,1.328867228025836,6437,0.0080782032236766,0.0041467893559867,0.9999877532576829,1.2745919142426452e-17,"{'bootstrap': False, 'ccp_alpha': 0.0, 'criterion': 'squared_error', 'max_depth': 22, 'max_features': 'sqrt', 'max_leaf_nodes': None, 'max_samples': None, 'min_impurity_decrease': 0.0, 'min_samples_leaf': 1, 'min_samples_split': 2, 'min_weight_fraction_leaf': 0.0, 'monotonic_cst': None, 'n_estimators': 400, 'n_jobs': -1, 'oob_score': False, 'random_state': 279745, 'verbose': 0, 'warm_start': False}",,,,,,,,,,,,,
brics_gnn__three_d_gnn,rf,Val,all,2,ExtraTreesRegressor,,,,,,,,,0.8499039052419356,1.328867228025836,1610,0.8499039052419356,0.5930584048010609,0.8638596769840644,-0.0323402987760908,"{'bootstrap': False, 'ccp_alpha': 0.0, 'criterion': 'squared_error', 'max_depth': 22, 'max_features': 'sqrt', 'max_leaf_nodes': None, 'max_samples': None, 'min_impurity_decrease': 0.0, 'min_samples_leaf': 1, 'min_samples_split': 2, 'min_weight_fraction_leaf': 0.0, 'monotonic_cst': None, 'n_estimators': 400, 'n_jobs': -1, 'oob_score': False, 'random_state': 279745, 'verbose': 0, 'warm_start': False}",,,,,,,,,,,,,
brics_gnn__three_d_gnn,rf,Val,all6_bad,2,ExtraTreesRegressor,,,,,,,,,0.8499039052419356,1.328867228025836,74,2.3797293933347263,2.175464378811374,0.4522303449849002,-0.2876429660133143,"{'bootstrap': False, 'ccp_alpha': 0.0, 'criterion': 'squared_error', 'max_depth': 22, 'max_features': 'sqrt', 'max_leaf_nodes': None, 'max_samples': None, 'min_impurity_decrease': 0.0, 'min_samples_leaf': 1, 'min_samples_split': 2, 'min_weight_fraction_leaf': 0.0, 'monotonic_cst': None, 'n_estimators': 400, 'n_jobs': -1, 'oob_score': False, 'random_state': 279745, 'verbose': 0, 'warm_start': False}",,,,,,,,,,,,,
brics_gnn__three_d_gnn,rf,Val,not_all6_bad,2,ExtraTreesRegressor,,,,,,,,,0.8499039052419356,1.328867228025836,1536,0.695919896961156,0.5168227003240016,0.9042798681378194,-0.0200405609013808,"{'bootstrap': False, 'ccp_alpha': 0.0, 'criterion': 'squared_error', 'max_depth': 22, 'max_features': 'sqrt', 'max_leaf_nodes': None, 'max_samples': None, 'min_impurity_decrease': 0.0, 'min_samples_leaf': 1, 'min_samples_split': 2, 'min_weight_fraction_leaf': 0.0, 'monotonic_cst': None, 'n_estimators': 400, 'n_jobs': -1, 'oob_score': False, 'random_state': 279745, 'verbose': 0, 'warm_start': False}",,,,,,,,,,,,,
brics_gnn__three_d_gnn,rf,External,all,2,ExtraTreesRegressor,,,,,,,,,0.8499039052419356,1.328867228025836,2251,1.328867228025836,0.9094263125617612,0.5570967915064287,-0.1936393682157798,"{'bootstrap': False, 'ccp_alpha': 0.0, 'criterion': 'squared_error', 'max_depth': 22, 'max_features': 'sqrt', 'max_leaf_nodes': None, 'max_samples': None, 'min_impurity_decrease': 0.0, 'min_samples_leaf': 1, 'min_samples_split': 2, 'min_weight_fraction_leaf': 0.0, 'monotonic_cst': None, 'n_estimators': 400, 'n_jobs': -1, 'oob_score': False, 'random_state': 279745, 'verbose': 0, 'warm_start': False}",,,,,,,,,,,,,
brics_gnn__three_d_gnn,rf,External,all6_bad,2,ExtraTreesRegressor,,,,,,,,,0.8499039052419356,1.328867228025836,256,3.027027971399695,2.777194389212184,-0.2024086745765223,-0.7313836001792405,"{'bootstrap': False, 'ccp_alpha': 0.0, 'criterion': 'squared_error', 'max_depth': 22, 'max_features': 'sqrt', 'max_leaf_nodes': None, 'max_samples': None, 'min_impurity_decrease': 0.0, 'min_samples_leaf': 1, 'min_samples_split': 2, 'min_weight_fraction_leaf': 0.0, 'monotonic_cst': None, 'n_estimators': 400, 'n_jobs': -1, 'oob_score': False, 'random_state': 279745, 'verbose': 0, 'warm_start': False}",,,,,,,,,,,,,
brics_gnn__three_d_gnn,rf,External,not_all6_bad,2,ExtraTreesRegressor,,,,,,,,,0.8499039052419356,1.328867228025836,1995,0.9037133531043368,0.6697528150066191,0.7666894529192374,-0.124635597096659,"{'bootstrap': False, 'ccp_alpha': 0.0, 'criterion': 'squared_error', 'max_depth': 22, 'max_features': 'sqrt', 'max_leaf_nodes': None, 'max_samples': None, 'min_impurity_decrease': 0.0, 'min_samples_leaf': 1, 'min_samples_split': 2, 'min_weight_fraction_leaf': 0.0, 'monotonic_cst': None, 'n_estimators': 400, 'n_jobs': -1, 'oob_score': False, 'random_state': 279745, 'verbose': 0, 'warm_start': False}",,,,,,,,,,,,,
brics_gnn__three_d_gnn,mlp,Train,all,7,TorchMLP,,,,,,,,,0.8418050177018809,1.3155294605640493,6437,0.2725394897982471,0.1979447901248932,0.9860604405403136,0.0101805785670876,,128.0,3.0,0.1,0.0011283197996784,7.192886715177662e-05,256.0,220.0,69.0,cuda:0,,,,
brics_gnn__three_d_gnn,mlp,Train,not_all6_bad,7,TorchMLP,,,,,,,,,0.8418050177018809,1.3155294605640493,6437,0.2725394897982471,0.1979447901248932,0.9860604405403136,0.0101805785670876,,128.0,3.0,0.1,0.0011283197996784,7.192886715177662e-05,256.0,220.0,69.0,cuda:0,,,,
brics_gnn__three_d_gnn,mlp,Val,all,7,TorchMLP,,,,,,,,,0.8418050177018809,1.3155294605640493,1610,0.8418050177018809,0.5901480317115784,0.8664419054985046,0.0017129862681031,,128.0,3.0,0.1,0.0011283197996784,7.192886715177662e-05,256.0,220.0,69.0,cuda:0,,,,
brics_gnn__three_d_gnn,mlp,Val,all6_bad,7,TorchMLP,,,,,,,,,0.8418050177018809,1.3155294605640493,74,2.34065764828412,2.146488666534424,0.4700698256492615,-0.2671556770801544,,128.0,3.0,0.1,0.0011283197996784,7.192886715177662e-05,256.0,220.0,69.0,cuda:0,,,,
brics_gnn__three_d_gnn,mlp,Val,not_all6_bad,7,TorchMLP,,,,,,,,,0.8418050177018809,1.3155294605640493,1536,0.6919747079336835,0.5151681303977966,0.905362069606781,0.0146662928164005,,128.0,3.0,0.1,0.0011283197996784,7.192886715177662e-05,256.0,220.0,69.0,cuda:0,,,,
brics_gnn__three_d_gnn,mlp,External,all,7,TorchMLP,,,,,,,,,0.8418050177018809,1.3155294605640493,2251,1.3155294605640493,0.896605908870697,0.5659430027008057,-0.1531481146812439,,128.0,3.0,0.1,0.0011283197996784,7.192886715177662e-05,256.0,220.0,69.0,cuda:0,,,,
brics_gnn__three_d_gnn,mlp,External,all6_bad,7,TorchMLP,,,,,,,,,0.8418050177018809,1.3155294605640493,256,3.019303366289646,2.753361225128174,-0.1962796449661255,-0.712289571762085,,128.0,3.0,0.1,0.0011283197996784,7.192886715177662e-05,256.0,220.0,69.0,cuda:0,,,,
brics_gnn__three_d_gnn,mlp,External,not_all6_bad,7,TorchMLP,,,,,,,,,0.8418050177018809,1.3155294605640493,1995,0.8848134547898906,0.6583455801010132,0.7763461470603943,-0.0813986435532569,,128.0,3.0,0.1,0.0011283197996784,7.192886715177662e-05,256.0,220.0,69.0,cuda:0,,,,
brics_gnn__three_d_gnn,ridge,Train,all,0,ridge_alpha_0.01,,,,,,,,,0.9035229264956746,1.359019616687883,6437,0.5013183260841764,0.3740131258964538,0.952835202217102,-1.0844952669231135e-07,"{'alpha': 0.01, 'copy_X': True, 'fit_intercept': True, 'max_iter': None, 'positive': False, 'random_state': None, 'solver': 'auto', 'tol': 0.0001}",,,,,,,,,,,,,
brics_gnn__three_d_gnn,ridge,Train,not_all6_bad,0,ridge_alpha_0.01,,,,,,,,,0.9035229264956746,1.359019616687883,6437,0.5013183260841764,0.3740131258964538,0.952835202217102,-1.0844952669231135e-07,"{'alpha': 0.01, 'copy_X': True, 'fit_intercept': True, 'max_iter': None, 'positive': False, 'random_state': None, 'solver': 'auto', 'tol': 0.0001}",,,,,,,,,,,,,
brics_gnn__three_d_gnn,ridge,Val,all,0,ridge_alpha_0.01,,,,,,,,,0.9035229264956746,1.359019616687883,1610,0.9035229264956746,0.655113160610199,0.8461400866508484,-0.0141462096944451,"{'alpha': 0.01, 'copy_X': True, 'fit_intercept': True, 'max_iter': None, 'positive': False, 'random_state': None, 'solver': 'auto', 'tol': 0.0001}",,,,,,,,,,,,,
brics_gnn__three_d_gnn,ridge,Val,all6_bad,0,ridge_alpha_0.01,,,,,,,,,0.9035229264956746,1.359019616687883,74,2.32783496253342,2.1184191703796387,0.4758601188659668,-0.2405242472887039,"{'alpha': 0.01, 'copy_X': True, 'fit_intercept': True, 'max_iter': None, 'positive': False, 'random_state': None, 'solver': 'auto', 'tol': 0.0001}",,,,,,,,,,,,,
brics_gnn__three_d_gnn,ridge,Val,not_all6_bad,0,ridge_alpha_0.01,,,,,,,,,0.9035229264956746,1.359019616687883,1536,0.7711164152298565,0.5846153497695923,0.8824765086174011,-0.003239979268983,"{'alpha': 0.01, 'copy_X': True, 'fit_intercept': True, 'max_iter': None, 'positive': False, 'random_state': None, 'solver': 'auto', 'tol': 0.0001}",,,,,,,,,,,,,
brics_gnn__three_d_gnn,ridge,External,all,0,ridge_alpha_0.01,,,,,,,,,0.9035229264956746,1.359019616687883,2251,1.359019616687883,0.9417216777801514,0.5367695689201355,-0.1850031465291977,"{'alpha': 0.01, 'copy_X': True, 'fit_intercept': True, 'max_iter': None, 'positive': False, 'random_state': None, 'solver': 'auto', 'tol': 0.0001}",,,,,,,,,,,,,
brics_gnn__three_d_gnn,ridge,External,all6_bad,0,ridge_alpha_0.01,,,,,,,,,0.9035229264956746,1.359019616687883,256,3.0630108154285267,2.764125347137451,-0.2311650514602661,-0.7779901623725891,"{'alpha': 0.01, 'copy_X': True, 'fit_intercept': True, 'max_iter': None, 'positive': False, 'random_state': None, 'solver': 'auto', 'tol': 0.0001}",,,,,,,,,,,,,
brics_gnn__three_d_gnn,ridge,External,not_all6_bad,0,ridge_alpha_0.01,,,,,,,,,0.9035229264956746,1.359019616687883,1995,0.9380960159348096,0.707869291305542,0.7485986948013306,-0.1089105978608131,"{'alpha': 0.01, 'copy_X': True, 'fit_intercept': True, 'max_iter': None, 'positive': False, 'random_state': None, 'solver': 'auto', 'tol': 0.0001}",,,,,,,,,,,,,
brics_gnn__three_d_gnn,knn_svm,Train,all,4,KNeighborsRegressor,,,,,,,,,0.8980968589279427,1.4015624880073836,6437,1.0162482278115247e-06,5.403943776525704e-07,0.9999999999998062,-2.1850411313216888e-08,,,,,,,,,,,sklearn_knn,10.0,distance,euclidean
brics_gnn__three_d_gnn,knn_svm,Train,not_all6_bad,4,KNeighborsRegressor,,,,,,,,,0.8980968589279427,1.4015624880073836,6437,1.0162482278115247e-06,5.403943776525704e-07,0.9999999999998062,-2.1850411313216888e-08,,,,,,,,,,,sklearn_knn,10.0,distance,euclidean
brics_gnn__three_d_gnn,knn_svm,Val,all,4,KNeighborsRegressor,,,,,,,,,0.8980968589279427,1.4015624880073836,1610,0.8980968589279427,0.6432376030523906,0.8479825364181854,-0.0364629020423488,,,,,,,,,,,sklearn_knn,10.0,distance,euclidean
brics_gnn__three_d_gnn,knn_svm,Val,all6_bad,4,KNeighborsRegressor,,,,,,,,,0.8980968589279427,1.4015624880073836,74,2.2877553877026724,2.0589436926098017,0.4937535465806199,-0.2563674031374079,,,,,,,,,,,sklearn_knn,10.0,distance,euclidean
brics_gnn__three_d_gnn,knn_svm,Val,not_all6_bad,4,KNeighborsRegressor,,,,,,,,,0.8980968589279427,1.4015624880073836,1536,0.7702506946439907,0.5750330128002757,0.8827402460760853,-0.0258685445677171,,,,,,,,,,,sklearn_knn,10.0,distance,euclidean
brics_gnn__three_d_gnn,knn_svm,External,all,4,KNeighborsRegressor,,,,,,,,,0.8980968589279427,1.4015624880073836,2251,1.4015624880073836,0.948308377845401,0.5073135994218477,-0.1675247736246213,,,,,,,,,,,sklearn_knn,10.0,distance,euclidean
brics_gnn__three_d_gnn,knn_svm,External,all6_bad,4,KNeighborsRegressor,,,,,,,,,0.8980968589279427,1.4015624880073836,256,3.1978012855505904,2.884744348874104,-0.3419062575475877,-0.7924726459786955,,,,,,,,,,,sklearn_knn,10.0,distance,euclidean
brics_gnn__three_d_gnn,knn_svm,External,not_all6_bad,4,KNeighborsRegressor,,,,,,,,,0.8980968589279427,1.4015624880073836,1995,0.950919534160968,0.6998233610116428,0.7416785253986304,-0.0873309614328202,,,,,,,,,,,sklearn_knn,10.0,distance,euclidean
murcko_gnn__three_d_gnn,xgb,Train,all,5,XGBRegressor,300.0,4.0,0.0428734090503415,0.7,0.85,1.0,0.001,1.0,0.8502558561536724,1.34470107553745,6437,0.2601842590238306,0.1966499835252761,0.987295627593994,0.0004301302251406,,,,,,,,,,,,,,
murcko_gnn__three_d_gnn,xgb,Train,not_all6_bad,5,XGBRegressor,300.0,4.0,0.0428734090503415,0.7,0.85,1.0,0.001,1.0,0.8502558561536724,1.34470107553745,6437,0.2601842590238306,0.1966499835252761,0.987295627593994,0.0004301302251406,,,,,,,,,,,,,,
murcko_gnn__three_d_gnn,xgb,Val,all,5,XGBRegressor,300.0,4.0,0.0428734090503415,0.7,0.85,1.0,0.001,1.0,0.8502558561536724,1.34470107553745,1610,0.8502558561536724,0.599441409111023,0.8637468814849854,-0.01479874830693,,,,,,,,,,,,,,
murcko_gnn__three_d_gnn,xgb,Val,all6_bad,5,XGBRegressor,300.0,4.0,0.0428734090503415,0.7,0.85,1.0,0.001,1.0,0.8502558561536724,1.34470107553745,74,2.336495017178833,2.126128435134888,0.4719530344009399,-0.2813326120376587,,,,,,,,,,,,,,
murcko_gnn__three_d_gnn,xgb,Val,not_all6_bad,5,XGBRegressor,300.0,4.0,0.0428734090503415,0.7,0.85,1.0,0.001,1.0,0.8502558561536724,1.34470107553745,1536,0.7033883555262744,0.5258901119232178,0.9022143483161926,-0.0019579257350414,,,,,,,,,,,,,,
murcko_gnn__three_d_gnn,xgb,External,all,5,XGBRegressor,300.0,4.0,0.0428734090503415,0.7,0.85,1.0,0.001,1.0,0.8502558561536724,1.34470107553745,2251,1.34470107553745,0.912318468093872,0.5464792847633362,-0.2145482450723648,,,,,,,,,,,,,,
murcko_gnn__three_d_gnn,xgb,External,all6_bad,5,XGBRegressor,300.0,4.0,0.0428734090503415,0.7,0.85,1.0,0.001,1.0,0.8502558561536724,1.34470107553745,256,3.071841259729348,2.805872917175293,-0.2382739782333374,-0.8000227212905884,,,,,,,,,,,,,,
murcko_gnn__three_d_gnn,xgb,External,not_all6_bad,5,XGBRegressor,300.0,4.0,0.0428734090503415,0.7,0.85,1.0,0.001,1.0,0.8502558561536724,1.34470107553745,1995,0.9107092622142908,0.6693359613418579,0.7630631923675537,-0.1394196897745132,,,,,,,,,,,,,,
murcko_gnn__three_d_gnn,rf,Train,all,2,ExtraTreesRegressor,,,,,,,,,0.8583252900267827,1.3630943079703142,6437,0.1483808871440724,0.0783685257386202,0.9958681270640148,3.7944549544435983e-17,"{'bootstrap': False, 'ccp_alpha': 0.0, 'criterion': 'squared_error', 'max_depth': None, 'max_features': 0.7, 'max_leaf_nodes': None, 'max_samples': None, 'min_impurity_decrease': 0.0, 'min_samples_leaf': 4, 'min_samples_split': 2, 'min_weight_fraction_leaf': 0.0, 'monotonic_cst': None, 'n_estimators': 400, 'n_jobs': -1, 'oob_score': False, 'random_state': 280745, 'verbose': 0, 'warm_start': False}",,,,,,,,,,,,,
murcko_gnn__three_d_gnn,rf,Train,not_all6_bad,2,ExtraTreesRegressor,,,,,,,,,0.8583252900267827,1.3630943079703142,6437,0.1483808871440724,0.0783685257386202,0.9958681270640148,3.7944549544435983e-17,"{'bootstrap': False, 'ccp_alpha': 0.0, 'criterion': 'squared_error', 'max_depth': None, 'max_features': 0.7, 'max_leaf_nodes': None, 'max_samples': None, 'min_impurity_decrease': 0.0, 'min_samples_leaf': 4, 'min_samples_split': 2, 'min_weight_fraction_leaf': 0.0, 'monotonic_cst': None, 'n_estimators': 400, 'n_jobs': -1, 'oob_score': False, 'random_state': 280745, 'verbose': 0, 'warm_start': False}",,,,,,,,,,,,,
murcko_gnn__three_d_gnn,rf,Val,all,2,ExtraTreesRegressor,,,,,,,,,0.8583252900267827,1.3630943079703142,1610,0.8583252900267827,0.5973196706889708,0.8611483819504719,-0.0186483745624742,"{'bootstrap': False, 'ccp_alpha': 0.0, 'criterion': 'squared_error', 'max_depth': None, 'max_features': 0.7, 'max_leaf_nodes': None, 'max_samples': None, 'min_impurity_decrease': 0.0, 'min_samples_leaf': 4, 'min_samples_split': 2, 'min_weight_fraction_leaf': 0.0, 'monotonic_cst': None, 'n_estimators': 400, 'n_jobs': -1, 'oob_score': False, 'random_state': 280745, 'verbose': 0, 'warm_start': False}",,,,,,,,,,,,,
murcko_gnn__three_d_gnn,rf,Val,all6_bad,2,ExtraTreesRegressor,,,,,,,,,0.8583252900267827,1.3630943079703142,74,2.39190213438862,2.1665994334073746,0.4466121332425324,-0.2963660510875401,"{'bootstrap': False, 'ccp_alpha': 0.0, 'criterion': 'squared_error', 'max_depth': None, 'max_features': 0.7, 'max_leaf_nodes': None, 'max_samples': None, 'min_impurity_decrease': 0.0, 'min_samples_leaf': 4, 'min_samples_split': 2, 'min_weight_fraction_leaf': 0.0, 'monotonic_cst': None, 'n_estimators': 400, 'n_jobs': -1, 'oob_score': False, 'random_state': 280745, 'verbose': 0, 'warm_start': False}",,,,,,,,,,,,,
murcko_gnn__three_d_gnn,rf,Val,not_all6_bad,2,ExtraTreesRegressor,,,,,,,,,0.8583252900267827,1.3630943079703142,1536,0.704687808535512,0.5217163487871727,0.9018527134614204,-0.0052687469173864,"{'bootstrap': False, 'ccp_alpha': 0.0, 'criterion': 'squared_error', 'max_depth': None, 'max_features': 0.7, 'max_leaf_nodes': None, 'max_samples': None, 'min_impurity_decrease': 0.0, 'min_samples_leaf': 4, 'min_samples_split': 2, 'min_weight_fraction_leaf': 0.0, 'monotonic_cst': None, 'n_estimators': 400, 'n_jobs': -1, 'oob_score': False, 'random_state': 280745, 'verbose': 0, 'warm_start': False}",,,,,,,,,,,,,
murcko_gnn__three_d_gnn,rf,External,all,2,ExtraTreesRegressor,,,,,,,,,0.8583252900267827,1.3630943079703142,2251,1.3630943079703142,0.9243520036399768,0.5339876217140113,-0.2181630479884082,"{'bootstrap': False, 'ccp_alpha': 0.0, 'criterion': 'squared_error', 'max_depth': None, 'max_features': 0.7, 'max_leaf_nodes': None, 'max_samples': None, 'min_impurity_decrease': 0.0, 'min_samples_leaf': 4, 'min_samples_split': 2, 'min_weight_fraction_leaf': 0.0, 'monotonic_cst': None, 'n_estimators': 400, 'n_jobs': -1, 'oob_score': False, 'random_state': 280745, 'verbose': 0, 'warm_start': False}",,,,,,,,,,,,,
murcko_gnn__three_d_gnn,rf,External,all6_bad,2,ExtraTreesRegressor,,,,,,,,,0.8583252900267827,1.3630943079703142,256,3.08661446219218,2.8131405230345723,-0.2502129870680116,-0.7817427831730634,"{'bootstrap': False, 'ccp_alpha': 0.0, 'criterion': 'squared_error', 'max_depth': None, 'max_features': 0.7, 'max_leaf_nodes': None, 'max_samples': None, 'min_impurity_decrease': 0.0, 'min_samples_leaf': 4, 'min_samples_split': 2, 'min_weight_fraction_leaf': 0.0, 'monotonic_cst': None, 'n_estimators': 400, 'n_jobs': -1, 'oob_score': False, 'random_state': 280745, 'verbose': 0, 'warm_start': False}",,,,,,,,,,,,,
murcko_gnn__three_d_gnn,rf,External,not_all6_bad,2,ExtraTreesRegressor,,,,,,,,,0.8583252900267827,1.3630943079703142,1995,0.9348331285175804,0.6819811460134024,0.7503444861704747,-0.1458440443757407,"{'bootstrap': False, 'ccp_alpha': 0.0, 'criterion': 'squared_error', 'max_depth': None, 'max_features': 0.7, 'max_leaf_nodes': None, 'max_samples': None, 'min_impurity_decrease': 0.0, 'min_samples_leaf': 4, 'min_samples_split': 2, 'min_weight_fraction_leaf': 0.0, 'monotonic_cst': None, 'n_estimators': 400, 'n_jobs': -1, 'oob_score': False, 'random_state': 280745, 'verbose': 0, 'warm_start': False}",,,,,,,,,,,,,
murcko_gnn__three_d_gnn,mlp,Train,all,0,TorchMLP,,,,,,,,,0.8404304406873913,1.3093300640980865,6437,0.2760790883496044,0.1967451572418213,0.9856959581375122,0.0431193150579929,,256.0,2.0,0.05,0.0004297830849374,2.243836022431066e-07,256.0,220.0,55.0,cuda:0,,,,
murcko_gnn__three_d_gnn,mlp,Train,not_all6_bad,0,TorchMLP,,,,,,,,,0.8404304406873913,1.3093300640980865,6437,0.2760790883496044,0.1967451572418213,0.9856959581375122,0.0431193150579929,,256.0,2.0,0.05,0.0004297830849374,2.243836022431066e-07,256.0,220.0,55.0,cuda:0,,,,
murcko_gnn__three_d_gnn,mlp,Val,all,0,TorchMLP,,,,,,,,,0.8404304406873913,1.3093300640980865,1610,0.8404304406873913,0.5875845551490784,0.8668777346611023,0.0404110588133335,,256.0,2.0,0.05,0.0004297830849374,2.243836022431066e-07,256.0,220.0,55.0,cuda:0,,,,
murcko_gnn__three_d_gnn,mlp,Val,all6_bad,0,TorchMLP,,,,,,,,,0.8404304406873913,1.3093300640980865,74,2.2969052059756487,2.112018346786499,0.4896959662437439,-0.23059643805027,,256.0,2.0,0.05,0.0004297830849374,2.243836022431066e-07,256.0,220.0,55.0,cuda:0,,,,
murcko_gnn__three_d_gnn,mlp,Val,not_all6_bad,0,TorchMLP,,,,,,,,,0.8404304406873913,1.3093300640980865,1536,0.6972665012044237,0.5141417980194092,0.9039090871810912,0.0534674115478992,,256.0,2.0,0.05,0.0004297830849374,2.243836022431066e-07,256.0,220.0,55.0,cuda:0,,,,
murcko_gnn__three_d_gnn,mlp,External,all,0,TorchMLP,,,,,,,,,0.8404304406873913,1.3093300640980865,2251,1.3093300640980865,0.8834686875343323,0.5700242519378662,-0.1306420713663101,,256.0,2.0,0.05,0.0004297830849374,2.243836022431066e-07,256.0,220.0,55.0,cuda:0,,,,
murcko_gnn__three_d_gnn,mlp,External,all6_bad,0,TorchMLP,,,,,,,,,0.8404304406873913,1.3093300640980865,256,3.020506707433923,2.762970209121704,-0.1972334384918213,-0.7023876905441284,,256.0,2.0,0.05,0.0004297830849374,2.243836022431066e-07,256.0,220.0,55.0,cuda:0,,,,
murcko_gnn__three_d_gnn,mlp,External,not_all6_bad,0,TorchMLP,,,,,,,,,0.8404304406873913,1.3093300640980865,1995,0.8738430753476847,0.6422895789146423,0.7818577289581299,-0.0572752356529235,,256.0,2.0,0.05,0.0004297830849374,2.243836022431066e-07,256.0,220.0,55.0,cuda:0,,,,
murcko_gnn__three_d_gnn,ridge,Train,all,0,ridge_alpha_0.01,,,,,,,,,0.9104445168769538,1.373171327249593,6437,0.5337491994489969,0.3963200449943542,0.9465355277061462,7.585540373611367e-08,"{'alpha': 0.01, 'copy_X': True, 'fit_intercept': True, 'max_iter': None, 'positive': False, 'random_state': None, 'solver': 'auto', 'tol': 0.0001}",,,,,,,,,,,,,
murcko_gnn__three_d_gnn,ridge,Train,not_all6_bad,0,ridge_alpha_0.01,,,,,,,,,0.9104445168769538,1.373171327249593,6437,0.5337491994489969,0.3963200449943542,0.9465355277061462,7.585540373611367e-08,"{'alpha': 0.01, 'copy_X': True, 'fit_intercept': True, 'max_iter': None, 'positive': False, 'random_state': None, 'solver': 'auto', 'tol': 0.0001}",,,,,,,,,,,,,
murcko_gnn__three_d_gnn,ridge,Val,all,0,ridge_alpha_0.01,,,,,,,,,0.9104445168769538,1.373171327249593,1610,0.9104445168769538,0.6568520069122314,0.8437737226486206,-0.012574185617268,"{'alpha': 0.01, 'copy_X': True, 'fit_intercept': True, 'max_iter': None, 'positive': False, 'random_state': None, 'solver': 'auto', 'tol': 0.0001}",,,,,,,,,,,,,
murcko_gnn__three_d_gnn,ridge,Val,all6_bad,0,ridge_alpha_0.01,,,,,,,,,0.9104445168769538,1.373171327249593,74,2.3145674665189326,2.088148832321167,0.4818177223205566,-0.2557485401630401,"{'alpha': 0.01, 'copy_X': True, 'fit_intercept': True, 'max_iter': None, 'positive': False, 'random_state': None, 'solver': 'auto', 'tol': 0.0001}",,,,,,,,,,,,,
murcko_gnn__three_d_gnn,ridge,Val,not_all6_bad,0,ridge_alpha_0.01,,,,,,,,,0.9104445168769538,1.373171327249593,1536,0.7815038650036383,0.5878962874412537,0.8792889714241028,-0.0008587539196014,"{'alpha': 0.01, 'copy_X': True, 'fit_intercept': True, 'max_iter': None, 'positive': False, 'random_state': None, 'solver': 'auto', 'tol': 0.0001}",,,,,,,,,,,,,
murcko_gnn__three_d_gnn,ridge,External,all,0,ridge_alpha_0.01,,,,,,,,,0.9104445168769538,1.373171327249593,2251,1.373171327249593,0.9534918069839478,0.5270719528198242,-0.1788079738616943,"{'alpha': 0.01, 'copy_X': True, 'fit_intercept': True, 'max_iter': None, 'positive': False, 'random_state': None, 'solver': 'auto', 'tol': 0.0001}",,,,,,,,,,,,,
murcko_gnn__three_d_gnn,ridge,External,all6_bad,0,ridge_alpha_0.01,,,,,,,,,0.9104445168769538,1.373171327249593,256,3.0877862342016167,2.77854585647583,-0.2511624097824096,-0.8095346093177795,"{'alpha': 0.01, 'copy_X': True, 'fit_intercept': True, 'max_iter': None, 'positive': False, 'random_state': None, 'solver': 'auto', 'tol': 0.0001}",,,,,,,,,,,,,
murcko_gnn__three_d_gnn,ridge,External,not_all6_bad,0,ridge_alpha_0.01,,,,,,,,,0.9104445168769538,1.373171327249593,1995,0.9508397268525548,0.7192991971969604,0.7417218685150146,-0.0978726223111152,"{'alpha': 0.01, 'copy_X': True, 'fit_intercept': True, 'max_iter': None, 'positive': False, 'random_state': None, 'solver': 'auto', 'tol': 0.0001}",,,,,,,,,,,,,
murcko_gnn__three_d_gnn,knn_svm,Train,all,4,KNeighborsRegressor,,,,,,,,,0.9173622256489836,1.4243036080244718,6437,8.905725818062668e-07,4.940704254167801e-07,0.9999999999998512,-3.448639160522158e-08,,,,,,,,,,,sklearn_knn,10.0,distance,euclidean
murcko_gnn__three_d_gnn,knn_svm,Train,not_all6_bad,4,KNeighborsRegressor,,,,,,,,,0.9173622256489836,1.4243036080244718,6437,8.905725818062668e-07,4.940704254167801e-07,0.9999999999998512,-3.448639160522158e-08,,,,,,,,,,,sklearn_knn,10.0,distance,euclidean
murcko_gnn__three_d_gnn,knn_svm,Val,all,4,KNeighborsRegressor,,,,,,,,,0.9173622256489836,1.4243036080244718,1610,0.9173622256489836,0.6518150956605993,0.841390632432639,-0.0556961520501894,,,,,,,,,,,sklearn_knn,10.0,distance,euclidean
murcko_gnn__three_d_gnn,knn_svm,Val,all6_bad,4,KNeighborsRegressor,,,,,,,,,0.9173622256489836,1.4243036080244718,74,2.3569711809574323,2.1076022100120277,0.4626572855530614,-0.3442321996824,,,,,,,,,,,sklearn_knn,10.0,distance,euclidean
murcko_gnn__three_d_gnn,knn_svm,Val,not_all6_bad,4,KNeighborsRegressor,,,,,,,,,0.9173622256489836,1.4243036080244718,1536,0.7838738797901025,0.5816795185368976,0.8785556911973049,-0.0417953268387418,,,,,,,,,,,sklearn_knn,10.0,distance,euclidean
murcko_gnn__three_d_gnn,knn_svm,External,all,4,KNeighborsRegressor,,,,,,,,,0.9173622256489836,1.4243036080244718,2251,1.4243036080244718,0.950353170541618,0.491195676550896,-0.170918416483629,,,,,,,,,,,sklearn_knn,10.0,distance,euclidean
murcko_gnn__three_d_gnn,knn_svm,External,all6_bad,4,KNeighborsRegressor,,,,,,,,,0.9173622256489836,1.4243036080244718,256,3.261710451947721,2.910593860235304,-0.3960791565641854,-0.8268833078154498,,,,,,,,,,,sklearn_knn,10.0,distance,euclidean
murcko_gnn__three_d_gnn,knn_svm,External,not_all6_bad,4,KNeighborsRegressor,,,,,,,,,0.9173622256489836,1.4243036080244718,1995,0.9611368242459176,0.6988135131172653,0.7360975592769885,-0.0867444755407988,,,,,,,,,,,sklearn_knn,10.0,distance,euclidean
